geometry_id,layer_type,place_feature_id,place_name,place_type,territorial_authority_name,place_area_m2,place_area_km2,road_length_total_km,road_density_km_per_km2,place_road_density_rank,label_lon,label_lat,polygon_line_width_m,polygon_line_color_hex,polygon_fill_color_value,polygon_extrude_elevation_m,wkp,tooltip_html
sa2_175901,polygon,175901,Rototuna West,SA2,Hamilton City,838090.14,0.8380901399999999,10.999927787879622,13.124993676550858,1,175.26319660138,-37.72735559019685,50,#2f3437cc,13.124993676550858,984,@EABoifhmIl_l}fAa{@haFsvCrMeFTkrBbJmkCnLuE~AmUlAfFfi@_Wt@xAtTdVs@f@hJxBv@nXo@g@eWkDkb@nrAoGtJCqEltA_@~KyFxdBbx@c@x_@b@dl@xC|c@xFhk@bH~y@tKd}@pH`~AnJzi@pEnQbB|h@`HthBd[|Vqk@vFgPjIuU~CyHvWgo@||@wpBrKoUzSk_@rf@g|@zIwOpRoYpeAuaBpI{O~JiR}u@iCup@a@aKDaD@o_Al@wROsp@qB{mAqEesBeIwDMkhA_Egq@cDe@zC,<div><strong>Rototuna West</strong><br><span>Type: SA2</span><br><span>Territorial authority: Hamilton City</span><br><span>Road length: 11.0 km</span><br><span>Road density: 13.12 km/km2</span><br><span>Area: 0.8 km2</span></div>
sa2_175302,polygon,175302,Flagstaff North East,SA2,Hamilton City,901138.13,0.90113813,11.110709092635501,12.329640398898114,2,175.24809779339108,-37.72229901587305,50,#2f3437cc,12.329640398898114,925,@EABalggmIvmb}fAo|@pg@}EcBokBko@sQgGyl@yDq[bvAgTvr@kNtd@ah@dvAq{@baB_KhRlc@dBzKxFfNhKdIlJdIbPlRr_@jh@fg@~KfNfRtQn]tUbd@xEhJ~D|PbPsWfHxO`UtEfKuHdQrJ|ApP`@tSy@lQmCrN_EfCwA|n@so@lOgIrUwHvJsB`ViCdHG~Ul@xHVlTa@bDWxOcIhJyIbBmEjD_R|OOjUyBlDmCvF_F|[u[~EcDdHeCdIcAnVcCnjAuHmIacA\sYw@mEmBwCaGmEgPeIu^sc@kOeb@wDmHqMkOsCkH_AyH~@oTrKl@vW`@zZk@`M{@nTqCxo@gLzJ_AaEqLq@uHH{ErE_QPwHaBiHyEsF{GsDkRuGaZsMeO}JmLwK{DkHsAuFmDe^e@qKqnEtLyu@nB}h@tZ,<div><strong>Flagstaff North East</strong><br><span>Type: SA2</span><br><span>Territorial authority: Hamilton City</span><br><span>Road length: 11.1 km</span><br><span>Road density: 12.33 km/km2</span><br><span>Area: 0.9 km2</span></div>
sa2_178500,polygon,178500,Fairview Downs,SA2,Hamilton City,1122697.05,1.1226970500000002,13.494248899594663,12.019492613430009,3,175.30542522713085,-37.758690365755,50,#2f3437cc,12.019492613430009,901,@EABkehjmIpqk_gASl@y]cE}c@eHgDjLoAhJuB~F_g@lyAaAlCoMb`@es@buBafAuTg[qG_fBm^oh@uKqwBwc@kkBa`@uE~OyAfF{AhF{Njg@aAfD}a@`xA}x@mXYz@slB~mFb[`GbjClg@qKd[yL`^uCrIo\laAf~Cbj@zgAvRfaCfb@h|Cpi@rz@keCtd@ksAlAmDwPsChZm~@n`A_oCtj@c_Blh@azAndAs{CzTvDvb@jM]aIzDo\hEc`@bt@_iFlY}mB~Hy]sGoAsr@qNgB`GuRlp@qKl^ir@p_CggA~sD,<div><strong>Fairview Downs</strong><br><span>Type: SA2</span><br><span>Territorial authority: Hamilton City</span><br><span>Road length: 13.5 km</span><br><span>Road density: 12.02 km/km2</span><br><span>Area: 1.1 km2</span></div>
sa2_176101,polygon,176101,Te Manatu,SA2,Hamilton City,1407944.64,1.40794464,16.443623780585014,11.679169275139266,4,175.28124504454377,-37.72641237424155,50,#2f3437cc,11.679169275139266,876,@EABizrimItbk}fAqKxWgsCah@{o@oL_KpBuGrA~Spf@|^~hC~f@flDiJzJzBdMfl@jdDjThmAn@~\xh@lAlI[fr@iH~YuCtZgDxmD{_@bgBsR|f@qFlQmA|]WxBEzm@eAvbAwBjiAcCr_AiBpIUlt@oBb]mA`CkKfDmc@xDqRa@a\qS}tBu@}Hqk@}eAuRa^cLuS}s@srAsNuWoIwO_Ueb@}}@qcBms@apAEIsEdAoy@hQa~FhuA{qDnx@,<div><strong>Te Manatu</strong><br><span>Type: SA2</span><br><span>Territorial authority: Hamilton City</span><br><span>Road length: 16.4 km</span><br><span>Road density: 11.68 km/km2</span><br><span>Area: 1.4 km2</span></div>
sa2_178400,polygon,178400,Enderley North,SA2,Hamilton City,695236.21,0.6952362100000001,7.842026588218251,11.279657870838243,5,175.29373361667584,-37.76170658152985,50,#2f3437cc,11.279657870838243,846,@EAB{j}imIv}b`gAfjAhUtSmmAfFqZhPiaAVaB|Jen@xK{q@zMsRxf@{ZvGmDyKqR}g@ud@eh@if@uMcJuUeIup@mMgj@eKwm@cLiK}CuOsHuKaKa`A_eA}O}PyIwFi|@{OlP{i@vKo^D}Cwb@kM{TwDodAr{Cmh@`zAuj@b_Bo`A~nCiZl~@vPrChg@jJ|DlA|yBv`@va@|GhaCbd@hbB|ZvpAzU,<div><strong>Enderley North</strong><br><span>Type: SA2</span><br><span>Territorial authority: Hamilton City</span><br><span>Road length: 7.8 km</span><br><span>Road density: 11.28 km/km2</span><br><span>Area: 0.7 km2</span></div>
sa2_175902,polygon,175902,Rototuna East,SA2,Hamilton City,751562.96,0.75156296,8.33907198216155,11.095639921054053,6,175.2693592330436,-37.72518245955875,50,#2f3437cc,11.095639921054053,832,@EABq_zhmIdyt}fApS|tB`@`\yDpRgDlc@aCjKlmAoAfm@qAnQgAdu@oFj`@{A~@CxFydB^_LpEmtAuJBorAnGjDjb@f@dWoXn@yBw@g@iJeVr@yAuT~Vu@gFgi@lUmAtE_BlkCoLjrBcJdFUrvCsM`{@iaFd@{Cq_@iBeeB{Gms@yFgo@eIqUwDad@gJmb@_LeZeJys@{V_HiCm[uL{WeKqa@iN_]wHqd@sDsOOqp@UwcBtJez@dMghArW|}@pcB~Tdb@nIvOrNtW|s@rrAbLtStR`^pk@|eAt@|H,<div><strong>Rototuna East</strong><br><span>Type: SA2</span><br><span>Territorial authority: Hamilton City</span><br><span>Road length: 8.3 km</span><br><span>Road density: 11.10 km/km2</span><br><span>Area: 0.8 km2</span></div>
sa2_176202,polygon,176202,Rototuna South East,SA2,Hamilton City,883960.15,0.88396015,9.684238271225746,10.955514534479576,7,175.27382374174763,-37.7359218157943,50,#2f3437cc,10.955514534479576,822,@EABew|hmIdw{}fAwC|[qYo@ud@b@o]nJB|BsStAaN~LmFt@aFhHwDzBoEv@}FNgGaC@\a[iFmM~AwLda@wLdRoZx@{@pEbRtMa@`@m@tEyAhC{Ap@oa@DeHbAuCfAwC|AwFrFUhD`DjIt@~GOtCeBxDiLxGeP|CkF?yBb@|Ll`@ndApEfFpt@}d@vfBfYnWvPl@`^`Z`BXjEOtKaEdHrAvAg@rAuAbBQhGH|DjAjNt@jO`G~AMzGsDrBAzBb@bBdDfBj@hMg@xBxAtARfFgA|BItH~CpKdHhGjHhCjEvCjHdAdFQlDmEfE@z@tElIeC`GLlCjR~R|@vHfAtB~BvArKxC`@x@qDbQDfBtCjF`DnJlDlFjBtGpVrCfKdG`MhDwDu[lB}V~Ki}@dPqnAdKv@jc@bGzXnCj]`G|Kz@tAXp@z@n\kLnIcEzNiHxK_OfIiPbK{LbHwS|LoSb^cTvXeItN_MhPoP|j@_`@dGsHzY}u@pV}NwqA{aAtBcDh^mq@nR_^jDkItE_h@vAmIfFgNv@oA}c@yFel@yCy_@c@cx@b@_ABk`@zAeu@nFoQfAgm@pAmmAnAc]lAmt@nBqIT,<div><strong>Rototuna South East</strong><br><span>Type: SA2</span><br><span>Territorial authority: Hamilton City</span><br><span>Road length: 9.7 km</span><br><span>Road density: 10.96 km/km2</span><br><span>Area: 0.9 km2</span></div>
sa2_178000,polygon,178000,Maeroa,SA2,Hamilton City,1279882.67,1.27988267,13.936004945186664,10.888501947750152,8,175.2581539813809,-37.77731257381065,50,#2f3437cc,10.888501947750152,817,@EABcxghmI`oo`gA{XffAhQX~DUPUlAD|DnC`D`AxVwBtHHhKdAxAx@~@pBbFvSjRxTdEtCj@xANtFtP~FxCzCh@jDgArFEhIcAjH}@z@gAoAcAEsTdHaPzKeT`QaGdHeIbN}BzF[zFgCxDiAl@qADaJy@iF~BwG`@wBhDa@dCCZaAjEu@X{AeAy@aC}@AcBp@kEfE_DtFaAvC[tEtAvGCxBcA|A}GpERpFkCzFz@vIeExCwFjBK~@qAxAzAhDfC~AzBvCW~CsA`CCxAbFtDlAxBT~IjFdX]rI{a@dIihBje@qlAt[m_@xKq[n^uLbNy}A|gBsBtB`c@gEMw@jJw@LwFfP_RnC}CfAhHhOeB~AfKjl@_FlAzHhIjUnhA_IxlAoKb_A_IrO`_At[qCkDeUtkAyJiA_Hvh@eEpFk@eGc`@rmB{OzMoAh}AcMpnAwJwScoAw@s`@pGhC|ApAzFfJx@^vT|A~H}@tDChQhAxAMtF}CzAcJ|AeA~AWfH^fHbBvILtNiBrPKhGsBpJMbLeD`F}BhLoH~G{F`GuBlLe@`Ds@fF@nHi@hXqGpLiAzEgCzJeClHi@hIn@zHy@|BcAbKwInFgCjKqClQgHrHcEtDyD|GgDhBWhDt@rE[zCn@|BbBdGdJxe@i\ak@ii@qx@ap@qt@mk@aw@ml@yBmB_QuUqo@c{@a`A{mA{DkEi~@_b@kaAmc@{eAme@uRyXwn@o}@gC}BylAmq@{`@aUsF}CkOuCqGpGwJr\kn@zfCqa@p{A,<div><strong>Maeroa</strong><br><span>Type: SA2</span><br><span>Territorial authority: Hamilton City</span><br><span>Road length: 13.9 km</span><br><span>Road density: 10.89 km/km2</span><br><span>Area: 1.3 km2</span></div>
sa2_176400,polygon,176400,Saint Andrews West,SA2,Hamilton City,1005952.44,1.00595244,10.915076820194598,10.850489929916169,9,175.25147366276337,-37.75525006565045,50,#2f3437cc,10.850489929916169,814,@EABuaigmIju{~fAwBvsAw`AiAiyCoDsJj@aAf@oe@fXWPo\dRcPjJ_a@bUeWpN_DdBcCdJwVj_Ak[tjArj@fP`OjFxs@|\`qAdm@gm@zu@}CzDsF~JuLh^_KjYuCdJuFzK{T|Z{PbSiZ|X{aAp{@oCxCyi@tf@y|A`yAnJrH~|AjhAzx@`n@bzCnzBll@s^jd@kg@suCiqAtHgVvIcYvfAamDhAqDdKm\pFzBzAoCtoAgnAluA}sA~CoCjwCcuCtT~LfhAyo@~Y_QjlB_hAiKsFdFgFnEQ~Akc@jWcA_@cBXaBpAoAuAyAUwWgQp@vDei@vR~B`w@}CnsAmF`JeaAmnAsQi`AaMq{@aOw`AmT}IwAyhEyaA]pTaA`YgBnp@,<div><strong>Saint Andrews West</strong><br><span>Type: SA2</span><br><span>Territorial authority: Hamilton City</span><br><span>Road length: 10.9 km</span><br><span>Road density: 10.85 km/km2</span><br><span>Area: 1.0 km2</span></div>
sa2_178701,polygon,178701,Swarbrick,SA2,Hamilton City,730080.96,0.7300809599999998,7.90981861381483,10.834166410551004,10,175.25290440284036,-37.7906495489626,50,#2f3437cc,10.834166410551004,813,@EABu|vgmId_lagA_J|@aEEkDaAcC}BmFv@mWzD|AvFm[xEmEn@}AuFycCz^yMuIuUtU~fAn_@`o@hTp`A`\b_A|[gBlTqIhdAaF|m@uQ`_Crd@ZrPjm@lUvy@xc@d_BdbAgOnLtWdTcD]iAvEw@aB_G~E{CuCeKjy@_M`k@qI`c@sGrEo@lkBgYJYdAEvBkCzCa@hIOfN{DhDcHVkHfBmGVyFiV~BsAyH_G|@wOij@zs@{KfKiAF_Yc]e_@oCwF_F_WgnAklEkXiaAuL{b@e]cnAyIm[a[}gAi_@utAik@oiB}]~IxRfp@npAbtEyvFby@,<div><strong>Swarbrick</strong><br><span>Type: SA2</span><br><span>Territorial authority: Hamilton City</span><br><span>Road length: 7.9 km</span><br><span>Road density: 10.83 km/km2</span><br><span>Area: 0.7 km2</span></div>
sa2_179901,polygon,179901,Greensboro,SA2,Hamilton City,446883.17,0.44688317,4.780245449905234,10.696857189554114,11,175.3095066867033,-37.78596498244055,50,#2f3437cc,10.696857189554114,802,@EABuhakmI~coagAdtAl^nQGph@qAfa@o~A`j@auBfMaf@bBoGbCkJvNej@|Lee@HeFmgA}]k}@qZudAu\_dBsVqVqDoy@mLmsAqRgmA_Rb@gCt@U{m@mJiLhDeZ|I|R|Ypz@rxAt_@~o@`qAxyB~H`NjmAptBnDlG|]tn@|FdJv`@rL,<div><strong>Greensboro</strong><br><span>Type: SA2</span><br><span>Territorial authority: Hamilton City</span><br><span>Road length: 4.8 km</span><br><span>Road density: 10.70 km/km2</span><br><span>Area: 0.4 km2</span></div>
sa2_178800,polygon,178800,Kahikatea,SA2,Hamilton City,977554.55,0.97755455,10.327981731191896,10.565120617761838,12,175.250342501447,-37.79825308318935,50,#2f3437cc,10.565120617761838,792,@EABuf|gmIbtsagA{ZbvD_xBcCuA`ZoBdKcAnb@~@n\pAbZrhCi`@zEg@x@pBr^xv@xp@x{AjlAtlCzc@jdAzm@`sApIzQhHbPjy@bjBljAeQ|sAiSh{GecAzB]|BbEdSb^nqBoZh\~XjAcAbLrJlXtUsAz@drBleBla@yWc{@_r@ep@gm@azAuoA}@w@sRiPynA_gA{d@mk@eNsSiUwQ__Agv@kRsNiIaJ{O_V~BmOpTweApPiz@pCwQ[mHqXm`AHmMgKhA{s@zKvOhj@~F}@rAxHhV_CWxFgBlGWjHiDbHgNzDiIN{C`@wBjCeADKXmkBfYsEn@ac@rGak@pIky@~LtCdK_FzC`B~FwEv@\hAeTbDoLuWebAfOyc@e_BmUwy@sPkm@sd@[tQa_C`F}m@pIidAfBmTc_A}[q`Aa\ao@iTqBpC_GdJ~a@lzA{F|o@`ET,<div><strong>Kahikatea</strong><br><span>Type: SA2</span><br><span>Territorial authority: Hamilton City</span><br><span>Road length: 10.3 km</span><br><span>Road density: 10.57 km/km2</span><br><span>Area: 1.0 km2</span></div>
sa2_176700,polygon,176700,St James,SA2,Hamilton City,733926.93,0.7339269300000001,7.61693407536768,10.37832754735908,13,175.2838341669417,-37.73596749072245,50,#2f3437cc,10.37832754735908,778,@EAB_jfimI|g|}fA}f@pFcgBrRymDz_@uZfD_ZtCgr@hHmIZyh@mAVjNUdUuQbfAy`@xsBuDpR{RvcAsDnRiZz}AyXnvApbCh^jQePhMhDxLyB~@sIdOqI|N_UtHnEmErHoKhVpLtBlFqFhRqBrF~@bG|J|BcMdE}@xC{DtDLzJlCjCkC~AeI~IqTzIxBz@rElOKnQn@jFeHf]mBQaDaFsDZaEjPaBrEyBqNmAwC}C_B_FxF_EzLm@~DiHxLdEnOhMbUjD`t@a`@jOa[vC_Av]rBfv@}OpB{E@uMgYoW|d@wfBgFqt@odAqE}Lm`@xBc@jF?dP}ChLyGdByDNuCu@_HaDkITiDvFsFvC}AtCgAdHcAna@EzAq@xAiCl@uE`@a@cRuMz@qEnZy@vLeRvLea@lM_B`[hFA]fG`C|FOnEw@vD{B`FiHlFu@`N_MrSuAC}Bn]oJtd@c@pYn@vC}[s_AhBkiAbCwbAvB{m@dAyBD}]VmQlA,<div><strong>St James</strong><br><span>Type: SA2</span><br><span>Territorial authority: Hamilton City</span><br><span>Road length: 7.6 km</span><br><span>Road density: 10.38 km/km2</span><br><span>Area: 0.7 km2</span></div>
sa2_177100,polygon,177100,Nawton West,SA2,Hamilton City,1090061.11,1.09006111,11.288239355256065,10.355602315961962,14,175.22700351232828,-37.780252698855406,50,#2f3437cc,10.355602315961962,777,@EAB}qefmIzj`agActArxAsc@uTifFkhCwUuLuj@|l@e]h_@yHlHcf@jm@_GpKaBzG]fEoQg@gLxN}RxVu\uNqx@rcAgK`GkCTiz@oSuJ|Lok@~s@yAfDbq@vWzM|D~pCzh@z^hH~wD~s@vOfB~BjOxa@}HfBxBloGirCvJiEh]mOuUgZtO{G~y@m^nhAsf@x_@uPjkBoy@rxAwo@eByBjAg@uAcB}Fa`BcF}vA??mC_v@oDybAwAg`@sBel@cEqjAIwEkt@g_@}a@kOy_D}jAeFxAqFlGqm@rj@iKjNsItNwH~O_G`PcG`VoEp]kAvYAlRfC`XpUfkAun@nHuVrAsU^\~YbAdKvEtMhGzIxJbIlLvFtg@fQtPrIdHjEfQxQnG`KfEzK`ClL~AvROxN{AbMsC|K_GnMi_@he@,<div><strong>Nawton West</strong><br><span>Type: SA2</span><br><span>Territorial authority: Hamilton City</span><br><span>Road length: 11.3 km</span><br><span>Road density: 10.36 km/km2</span><br><span>Area: 1.1 km2</span></div>
sa2_175301,polygon,175301,Flagstaff North West,SA2,Hamilton City,940642.52,0.94064252,9.679205022419254,10.289993080920107,15,175.23672410975178,-37.72148701083225,50,#2f3437cc,10.289993080920107,772,@EAB}m}fmIxsg}fA{Zj@wWa@sKm@_AnT~@xHrCjHpMjOvDlHjOdb@t^rc@fPdI`GlElBvCv@lE]rYlI`cAhSnAfIH|Ky@bSiFlCoAtJ~GtCdEbKjKfMnK`JtCrEp@pE`@uf@fp@GfKXzQ|ApC`Bd@xBeFjEkEdAoCzJyK~I{H|BuFpAsNjBeBhB[pGn@zIvDp\tIxHx@|J_A`PyF|KgFhIa@lJd@n{@rKhZwWln@ra@dQeCvXc@rFkBzSqEdZgWrKiPlGoQdSsMx`@}Rzo@_Xn_@mh@vN{f@|K{RlOsa@fL{ZjV}D~Fv@H]~OmWhHqHnVmQfOyFbn@eKio@qOeM}GgdFawBgj@uUcvAkb@nCiEwFX{tAvDum@bBas@nBgeBzEkVp@kdBnE_{AlDd@pKlDd^rAtFzDjHlLvKdO|J`ZrMjRtGzGrDxErF`BhHQvHsE~PIzEp@tH`EpL{J~@yo@fLoTpCaMz@,<div><strong>Flagstaff North West</strong><br><span>Type: SA2</span><br><span>Territorial authority: Hamilton City</span><br><span>Road length: 9.7 km</span><br><span>Road density: 10.29 km/km2</span><br><span>Area: 0.9 km2</span></div>
sa2_179401,polygon,179401,Hamilton Central,SA2,Hamilton City,1022848.06,1.02284806,10.404098067967693,10.171694579904363,16,175.28280080228947,-37.78905939078725,50,#2f3437cc,10.171694579904363,763,@EAB}b|imIzztagAqC`PhfAvh@d]lRlHcDbMwMfk@yl@lTbKsXd`@frBhdAzu@ww@pTpMbVzPxHpRg@pPiAxEaHrJlLpCdI`CQ\vgA`[xAWri@nOvOiZ|m@nPfu@vTrF}k@~AqY]uiAa@mGgEk`@iBgIMe@gFiN}D}F_RcQvSo`@zEcFli@oShKwDnCaAxIeGvI}H~FiHz`BsdBd@_F~f@}i@tb@}e@jOyP~bBymBeiC{lAsk@wYcXyL{fAsh@qi@_XmyAqt@AJiAzDcIhOcl@x`AqWjh@mMxS{@dAyJdLkBbDmCfBy]x`@_BbBcOvTmG`HsDpI_MhRmJjMaHnGwDnBw^x\aKfFmBpCgLfHer@ne@uIhHsAlA_VnSsP~PkUrSuAfCaElC}GzGi_@n`@wQlOs@bEsV`UiZtZyBzBwUtV}KjPaKvSuHpV,<div><strong>Hamilton Central</strong><br><span>Type: SA2</span><br><span>Territorial authority: Hamilton City</span><br><span>Road length: 10.4 km</span><br><span>Road density: 10.17 km/km2</span><br><span>Area: 1.0 km2</span></div>
sa2_180000,polygon,180000,Hamilton East Cook,SA2,Hamilton City,733584.46,0.7335844599999999,7.438945644587476,10.14054420480428,17,175.30317849472067,-37.79118157399495,50,#2f3437cc,10.14054420480428,761,@EABcjzjmI`kiagAaj@`uBga@n~A}]zrAi}@pjDr{B`[~fGly@lhDze@hDeQvLsc@dRmr@pHwXv@cFjOij@~EoRpMgg@fHoWv[qnAjByHdDgNufBgW|y@w|@tEsq@x@uL_oDof@}~Bi\cD[{DPyHjAwI}LsIeEqCsDgtByZcBnGgM`f@,<div><strong>Hamilton East Cook</strong><br><span>Type: SA2</span><br><span>Territorial authority: Hamilton City</span><br><span>Road length: 7.4 km</span><br><span>Road density: 10.14 km/km2</span><br><span>Area: 0.7 km2</span></div>
sa2_178202,polygon,178202,Fairfield South (Hamilton City),SA2,Hamilton City,660563.54,0.66056354,6.6421573583282205,10.05528909198988,18,175.28586897801586,-37.7703874406437,50,#2f3437cc,10.05528909198988,754,@EABur|imIv}f`gAu`@~bAcJxUqNv_@_KxY}@t@kZfW}i@tf@dR|ElcDpd@f~@rMfnHbdA|Qaa@vSkd@lEeKxQjCwD`PzRpCyDfIrv@xKnMsM~UDlRnH|Ryb@nt@hKd{@xLdFsTlAgFhMej@vLeZjImGbJ}Dx~Amr@|M}Ym~AcUwJfL{vEaq@kHjOedAsX_^}G_\{Ea]oDyFk@uE{AuOmIwKaKcQ}TgZuXuLsFyGyAg\uEk\wEue@iHeKwD_IsFoDqDyB_EcNab@aE_GuHyF}H_DgFmAwi@{EuSlmAqBzF_j@|wA{AxDs@`B,<div><strong>Fairfield South (Hamilton City)</strong><br><span>Type: SA2</span><br><span>Territorial authority: Hamilton City</span><br><span>Road length: 6.6 km</span><br><span>Road density: 10.06 km/km2</span><br><span>Area: 0.7 km2</span></div>
sa2_177000,polygon,177000,Western Heights (Hamilton City),SA2,Hamilton City,1071521.17,1.07152117,10.738366146953334,10.021608949595773,19,175.22727299821236,-37.78558279028195,50,#2f3437cc,10.021608949595773,752,@EAB}{yemIls_agAsxAvo@kkBny@y_@tPohArf@_z@l^uOzGtUfZi]lOwJhEmoGhrCfH`f@`SxqAzE_@x^lcCyCLj@fK`BtXxB`JlDhl@hBGtm@vGrZlYxCzOze@gMyGcN`WyGjc@x_@vH|KnMjRkBx@xNtzAhB~Qt^KbZsD~nAk\sWyzA{HgqAid@qtH}IexAp_AyS|]qPxuB`GtbBoo@}BsPnq@}r@bE_Gtm@tHxkBrUrLgz@}Cs^wZ{i@zQ_Alb@yBq@cTxQoNlw@~CnWrUd\oO~T{dAkeBguAd^oe@vm@yx@~G{EiCgPqbAu`AiAwK~MwV_iEiu@qpC{vAHvEbEpjArBdl@vAf`@nDxbAlC~u@??bF|vA|F``BtAbBkAf@dBxB,<div><strong>Western Heights (Hamilton City)</strong><br><span>Type: SA2</span><br><span>Territorial authority: Hamilton City</span><br><span>Road length: 10.7 km</span><br><span>Road density: 10.02 km/km2</span><br><span>Area: 1.1 km2</span></div>
sa2_177300,polygon,177300,Chartwell,SA2,Hamilton City,896782.33,0.8967823300000001,8.959241238987865,9.990430162677116,20,175.27805828368201,-37.7529863237466,50,#2f3437cc,9.990430162677116,749,@EABc|dimIlor_gAnsBpYfJvB_EaIv_@yEz[gAdCnE`DaAxHa@lG]~JPtLjFbTGrNuBbo@gOmD_MhOsWvHeFbQiOjDwCrGwFl}@wh@bLwGpd@oO|EgfBvCabAiNqB_lBcXip@gJgiAqO|DeF|Tee@fh@afAjVag@nCsI|CsPx@qJAmPoBwT_BmHeGuQiIsOmEgGoM}MoXoPyVsJsXwGe[{DkViQitBpbByFvEgNpK}^`Y_`Alz@wp@~kAqj@`cAuB`EoPb[sp@fmA}Zbk@ok@bfAaBzHmBrIlIli@lA`Jl`B|OjmChd@nq@dLeD~L,<div><strong>Chartwell</strong><br><span>Type: SA2</span><br><span>Territorial authority: Hamilton City</span><br><span>Road length: 9.0 km</span><br><span>Road density: 9.99 km/km2</span><br><span>Area: 0.9 km2</span></div>
sa2_175700,polygon,175700,Pukete West,SA2,Hamilton City,839719.23,0.8397192299999999,8.255759339970178,9.831571131186525,21,175.2353611165903,-37.7400561073043,50,#2f3437cc,9.831571131186525,737,@EABueyfmIvvy~fA}PfhBz\kNj|AtUn}@gOjq@abA`r@coAz_CshEzo@}@rp@wZzMwj@|\kNxF{@}r@c}@xBwCnuAueBpuBamCwgB_wAsj@wc@}aBgrA_w@si@{mB|q@{[rfAUr@cMjd@cIbT|a@lOrUhOoCbH[v@cNt]qGvIsnAr}@qc@jh@wWfb@aFb\cJ|h@u[boBuApIuHne@ag@~~CgD`TeTbtA,<div><strong>Pukete West</strong><br><span>Type: SA2</span><br><span>Territorial authority: Hamilton City</span><br><span>Road length: 8.3 km</span><br><span>Road density: 9.83 km/km2</span><br><span>Area: 0.8 km2</span></div>
sa2_179001,polygon,179001,Kirikiriroa,SA2,Hamilton City,555732.11,0.55573211,5.4586463705022625,9.822441914508525,22,175.2763470186883,-37.78119528217495,50,#2f3437cc,9.822441914508525,737,@EABk_aimIl|dagAdiCzlApdBklBldBinBbQ{]~DgFtEeGoEcGkDoEk]as@qfAm|BsByFoKmL{XePkq@}QkJgDgYaHmw@_Q_[yIea@uJ}@f@mPbJeaApo@_g@r^KFci@pc@_KpJsQpSwY|_@aDbEkGdIoJ~NeNvXuIfZyE`[c@zWlyApt@pi@~WzfArh@bXxLrk@vY,<div><strong>Kirikiriroa</strong><br><span>Type: SA2</span><br><span>Territorial authority: Hamilton City</span><br><span>Road length: 5.5 km</span><br><span>Road density: 9.82 km/km2</span><br><span>Area: 0.6 km2</span></div>
sa2_178100,polygon,178100,Dinsdale South,SA2,Hamilton City,1561040.02,1.56104002,15.133266158844346,9.694348616920369,23,175.2403282519445,-37.79906591551545,50,#2f3437cc,9.694348616920369,727,@EABo~ufmIzqtagAgTfKgn@|b@uIdHeBlAoN`GyI|AmM`A{P]wJcB_\_Ju\sJsXeGoDjEoWjLmRhDc~Fj|@o\pLG~XIlMpXl`AZlHqCvQqPhz@qTveA_ClOzO~UhI`JjRrN~~@fv@hUvQdNrSzd@lk@xnA~fArRhP|@v@`zAtoAdp@fm@nD{Drc@oaAh]ev@`jDncBhq@ar@mAir@hx@eNrPuC_Hyp@eA}Pj}AyNfCZtt@|w@lUnJnWkWbh@dTvHpHtDkBgH{|@ed@w}ByPw_Ao^kqBjm@}@l`Dy@hGYnFw@trAu]a@aLUgJ_oAj\cZrDu^JiB_RyNuzAjBy@oMkRwH}Kkc@y_@aWxGxGbN{e@fMyC{OsZmYum@wGiBFmDil@yBaJaBuX}f@dB`@lCq]wAggBsJgc@iCkQQ}Pb@qQpBoGfA_Q|E,<div><strong>Dinsdale South</strong><br><span>Type: SA2</span><br><span>Territorial authority: Hamilton City</span><br><span>Road length: 15.1 km</span><br><span>Road density: 9.69 km/km2</span><br><span>Area: 1.6 km2</span></div>
sa2_176201,polygon,176201,Rototuna South West,SA2,Hamilton City,1093712.48,1.09371248,10.542509991372537,9.639196940838177,24,175.26591092817813,-37.737544781866546,50,#2f3437cc,9.639196940838177,723,@EAB{tuhmIplk~fAo\jLq@{@uAY}K{@k]aG{XoCkc@cGeKw@ePpnA_Lh}@mB|VvDt[}KTqC|A{FpHaNVgE~B{J~@{FvA_BdBQpAn@xE_@nJsJxZ{CdE}AnIKpGiB|EaAtFkB~CqDjBAxHlClDvErCoBtEg@xCcBpXpp@{CxOs@dwAoAbv@eCv}@{Ff_AcLhsCeg@huAwh@|qAgk@be@c_@zOwLxJkGjh@_\dYeUbZmMpp@{b@{@uOcAsRN{NjFq]pd@eaBvj@chBb_@inAhf@oeBuhBe[}h@aHoQcB{i@qEa~AoJe}@qH_z@uKik@cHw@nAgFfNwAlIuE~g@kDjIoR~]i^lq@uBbDvqAzaAqV|N{Y|u@eGrH}j@~_@iPnPuN~LwXdIc^bT}LnScHvScKzLgIhPyK~N{NhHoIbE,<div><strong>Rototuna South West</strong><br><span>Type: SA2</span><br><span>Territorial authority: Hamilton City</span><br><span>Road length: 10.5 km</span><br><span>Road density: 9.64 km/km2</span><br><span>Area: 1.1 km2</span></div>
sa2_180601,polygon,180601,Hillcrest West (Hamilton City),SA2,Hamilton City,890031.7,0.8900317,8.545703544637774,9.601572106519098,25,175.31262634686766,-37.795788898986444,50,#2f3437cc,9.601572106519098,720,@EAB{ghkmIncnagAenC|f@iz@mJq[x`@a{@pInBxElXfq@hf@hjB`AtDdJ|]lBtIpn@vd@pHvHzCbIrJpj@fKbl@ja@hvBaIhDef@tg@c\h]eB`A{JrGeEvAciCjbAoP~FcVfEzbBvn@pu@pWbSrHzkB|r@pG~@lIfClLrAbNz@~L@~Lu@rMeBrLyCrJoDlv@_Ydj@ytBpr@ulCvO}l@n[umAha@g}AzIc]h}@qjD|]{rAqh@pAoQFetAm^w`@sL}FeJ}]un@aH^g}A~Xgn@~K,<div><strong>Hillcrest West (Hamilton City)</strong><br><span>Type: SA2</span><br><span>Territorial authority: Hamilton City</span><br><span>Road length: 8.5 km</span><br><span>Road density: 9.60 km/km2</span><br><span>Area: 0.9 km2</span></div>
sa2_175801,polygon,175801,Flagstaff East,SA2,Hamilton City,1820478.01,1.8204780100000004,17.2895841585831,9.49727712370615,26,175.25340335844845,-37.73308818996135,50,#2f3437cc,9.49727712370615,712,@EABi|ygmIjnu}fAsKnU}|@vpBwWfo@_DxHkItUwFfP}Vpk@if@neBc_@hnAwj@bhBqd@daBkFp]OzNbArRz@tOrR~Gt_Db\haA|TpDx@jeAnr@jY|MhZdUzUlW|fArl@hJ{GvR_J|R_N~b@{VpSgLpn@k[zSgIt~@gV|[eDjPyE|n@sTdPmGvMuFpJ_GdGiH~EyJnOkj@xD{JlMsWjMkRfPaQtOeMtQmKhQiHjUoG|U{DzZ}CyM}Uio@cjAuHwDkIoReZo{@kOoXo@kL|AgP@cUeC{LgDsGwI{LsB}E}AgMj@eOx@aHq]yH_TaGyOsG_JgHaE}GmF{[_CkDd@yEyJsdAkFMjQit@eEqHmQlCuSx@qPa@sJ}AtHeQuEgKyOaUrWgH}PcPiJ_Ecd@yEo]uUgRuQ_LgNkh@gg@mRs_@eIcPeImJgNiK{KyFmc@eBqIzOqeAtaBqRnY{IvOsf@f|@{Sj_@,<div><strong>Flagstaff East</strong><br><span>Type: SA2</span><br><span>Territorial authority: Hamilton City</span><br><span>Road length: 17.3 km</span><br><span>Road density: 9.50 km/km2</span><br><span>Area: 1.8 km2</span></div>
sa2_176900,polygon,176900,Huntington,SA2,Hamilton City,1263417.79,1.26341779,11.91133455518344,9.427866735344482,27,175.28358329302299,-37.74427833217885,50,#2f3437cc,9.427866735344482,707,@EABkzeimIdlj~fAgv@|Ow]sBwC~@kO`[at@``@cUkDoOiMyLeE_EhH{Ll@yF~D~A~EvC|CpNlAsExBkP`B[`E`FrDP`Dg]lBkFdHoQo@mOJ{@sE{IyB_JpT_BdIkCjC{JmCuDMyCzDeE|@}BbMcG}JsF_AiRpBmFpFqLuBnKiVlEsHuHoE}N~TeOpI_ArIyLxBiMiDkQdPqbCi^{a@pgA}_BhhEeZhw@sNn_@yz@pzBmW~q@rGnA~FlJjb@~jA~QsKnMeC|G}B`b@{QbjGm_D|UcIjWwFpOvBsPzh@lm@xDt_@v@rPEjZaAdXeBdGcAxCaBf@}@DMrDmHpCqLjBwNhC{ClLmCtGJ`a@|Dxm@nLtUfDfFdBnOfDfJtAbFNpFdAdAkHnEkCzGqATeA~CoCbAgBe@sDl@aCfGgCnJgAjAiAtBNhCUhWzGzM`@bTsIxBWd@IxGyCtGoH`H_G`AcBxF@~Em@lFArCmAfBj@pBfC`Bd@vLVpMfAxVpH|CH~EqAlNiGGeA}AmBd@_AbC{AtZcItDgBhDeEnCcLk@wAgGqFxAwJxQwe@|AgPbBqXf@yCnBuEwEsCmCmD@yHpDkBjB_D`AuFhB}EJqG|AoIzCeErJyZ^oJo@yEPqA~AeBzFwAzJ_AfE_C`NWzFqHpC}A|KUaMiDgKeGqVsCkBuGmDmFaDoJuCkFEgBpDcQa@y@sKyC_CwAgAuB}@wHkR_SMmCdCaGuEmIA{@lEgEPmDeAeFwCkHiCkEiGkHqKeHuH_D}BHgFfAuASyByAiMf@gBk@cBeD{Bc@sB@{GrD_BLkOaGkNu@}DkAiGIcBPsAtAwAf@eHsAuK`EkENaBYa^aZwPm@AtMqBzE,<div><strong>Huntington</strong><br><span>Type: SA2</span><br><span>Territorial authority: Hamilton City</span><br><span>Road length: 11.9 km</span><br><span>Road density: 9.43 km/km2</span><br><span>Area: 1.3 km2</span></div>
sa2_179600,polygon,179600,Peachgrove,SA2,Hamilton City,1435712.86,1.43571286,13.452743849677695,9.370079647874503,28,175.2983584889916,-37.7800404823452,50,#2f3437cc,9.370079647874503,703,@EAB{`ljmItnl`gAiOlS{ZaMkb@fp@oWxw@xo@fLsfAng@o]iGe^cCEhAya@Bd@o`AeGoC_{@heCzc@`IaArD{m@`kBuBKuJvy@i]ndDqReA_gFoWapCcPoRgAkZ~FgoE`|@zm@lJu@Tc@fCfmA~QlsApRny@lLpVpD~cBrVtdAt\j}@pZlgA|]IdF}Lde@wNdj@cCjJftBxZpCrDrIdEvI|LxHkAzDQbDZ|~Bh\~nDnf@bJqtA~Fa~@xImpArFyZsIsnB?EsFst@cBsTyBqi@`xBnY`rAvQz`@hF|`AtMv}AjT|EzAjX{dA{o@sRpJqRlQy]wSwwAwSqsA}DoWeIai@{nAhA_P{jAcFVw{@hFRaCpCiCmn@_WehA{c@bMsPgKcEvVu\`CkDkTyIoUf\_aBmp@qAdB,<div><strong>Peachgrove</strong><br><span>Type: SA2</span><br><span>Territorial authority: Hamilton City</span><br><span>Road length: 13.5 km</span><br><span>Road density: 9.37 km/km2</span><br><span>Area: 1.4 km2</span></div>
sa2_179801,polygon,179801,Hamilton West,SA2,Hamilton City,399458.82,0.39945882,3.7415017172673686,9.366426600036942,29,175.28521079788266,-37.7966421739709,50,#2f3437cc,9.366426600036942,702,@EABqxximI~cwagAmHbDe]mRifAwh@MbAw@pUh@jRzC~ThEdObIbT|S~a@xXxu@xKjSlYh^hVlUb[vY`AjCjJjGvU`UhN|WpL`OdOtWtGnUlExZ`b@wClm@eCrvA{GlG_@~GtCzr@uBpEG~Gp@xHqIdn@sC^bHn[{Ao@_HpVgAtE]uHe_AKsAlAoMhG{o@bKkeAgu@wT}m@oPwOhZsi@oOyAVwgAa[P]eIaCmLqC`HsJhAyEf@qPyHqRcV{PqTqM{u@vw@grBidArXe`@mTcKgk@xl@cMvM,<div><strong>Hamilton West</strong><br><span>Type: SA2</span><br><span>Territorial authority: Hamilton City</span><br><span>Road length: 3.7 km</span><br><span>Road density: 9.37 km/km2</span><br><span>Area: 0.4 km2</span></div>
sa2_180400,polygon,180400,Deanwell,SA2,Hamilton City,670204.91,0.67020491,6.196390167019658,9.245515922913274,30,175.27545853908975,-37.820719790912904,50,#2f3437cc,9.245515922913274,693,@EABud|hmI`igcgAmFf@uScIoU}JgEm@sf@gGmuAgQ_w@oJc|AeRyTlB_zBpSxNbdAhOQlTtRfDxAdUpEfJj@rEx@vb@zKrGj@d`@lvAd]tJzd@hCa@lCyEt[OhAuYzqB??gDr]pcBvKdmD~T`GyW|BqDp@uDfxC|RvLm]|Uqq@ybAus@hbAsjBfCyCjByCt[`N~dDnvApg@mqBt_@k~AjIqb@pVs{AuzBt]u@Le`@fG_cJjsA,<div><strong>Deanwell</strong><br><span>Type: SA2</span><br><span>Territorial authority: Hamilton City</span><br><span>Road length: 6.2 km</span><br><span>Road density: 9.25 km/km2</span><br><span>Area: 0.7 km2</span></div>
sa2_176000,polygon,176000,Pukete East,SA2,Hamilton City,1091344.29,1.09134429,9.953993704939657,9.12085562379188,31,175.24516296339135,-37.741084582099404,50,#2f3437cc,9.12085562379188,684,@EABag|fmIjm|~fAlnArQ|PghBdTctAfDaT`g@__DtHoe@tAqIt[coBbJ}h@`Fc\vWgb@pc@kh@rnAs}@pGwIbNu]Zw@nCcHsUiO}a@mO}K|TqGvJeJ`LePnOcMdJeLrGwM|Faj@lQyO|DuRdDo]`Bct@`AmaAO}m@|@aoAxDioAjJ{Z|C}UzDkUnGiQhHuQlKuOdMgP`QkMjRmMrWyDzJoOjj@_FxJeGhHqJ~FwMtFePlG}n@rTkPxE}[dDu~@fV{SfIqn@j[qSfL_c@zV}R~MwR~IiJzGng@pWbr@~^jgAz`@xsEdcAxhExaA|IvAv`AlTp{@`Oh`A`M,<div><strong>Pukete East</strong><br><span>Type: SA2</span><br><span>Territorial authority: Hamilton City</span><br><span>Road length: 10.0 km</span><br><span>Road density: 9.12 km/km2</span><br><span>Area: 1.1 km2</span></div>
sa2_179100,polygon,179100,Enderley South,SA2,Hamilton City,765754.63,0.7657546300000001,6.954224974491391,9.081531736205617,32,175.2965391845918,-37.77023678197755,50,#2f3437cc,9.081531736205617,681,@EAByfqjmI|wj`gAyUls@aF~Mwa@nhAdGnCe@n`Axa@CDiAd^bCn]hGrfAog@yo@gLnWyw@jb@gp@zZ`MhOmSpAeB~`Blp@nUg\jTxIaCjDwVt\fKbEcMrPdhAzc@ln@~VqChCS`Cv{@iFbFW~OzjAznAiAqHkg@~E{A~eCmyAxDcCmcDqd@eR}E|i@uf@jZgW|@u@~JyYpNw_@bJyUt`@_cAr@aBzAyD~i@}wApB{FgjAiUwpA{UibB}ZiaCcd@wa@}G}yBw`@}DmAig@kJmAlDud@jsAsz@jeCpn@jLoHrSiY`{@aFfOqXb{@,<div><strong>Enderley South</strong><br><span>Type: SA2</span><br><span>Territorial authority: Hamilton City</span><br><span>Road length: 7.0 km</span><br><span>Road density: 9.08 km/km2</span><br><span>Area: 0.8 km2</span></div>
sa2_176800,polygon,176800,Crawshaw,SA2,Hamilton City,863983.33,0.86398333,7.74704672061597,8.966662262587832,33,175.2351108360342,-37.771398715481254,50,#2f3437cc,8.966662262587832,672,@EABwmqfmIjaa`gAcRzCeIgB}f@b|@cAfBcX|e@kN~XuYjl@gQ`a@kAn@oDdEah@ldAoCrHkuApaAmfAhw@btBvdApqCjwAb\dPvd@hUzaBxy@tMfFjJlCfWtExZhCrk@fDri@rDfWl@bYMrU_@tVsAtn@oHqUgkAgCaX@mRjAwYnEq]bGaV~FaPvH_PrIuNhKkNpm@sj@pFmGdFyAkYmK_GiHa_A}_AbEw@z[aQqcAsdAoAn@qb@ma@ytAesAaFaYqm@~F{VsvAeUvByjBlQ,<div><strong>Crawshaw</strong><br><span>Type: SA2</span><br><span>Territorial authority: Hamilton City</span><br><span>Road length: 7.7 km</span><br><span>Road density: 8.97 km/km2</span><br><span>Area: 0.9 km2</span></div>
sa2_177200,polygon,177200,Nawton East,SA2,Hamilton City,1318509.34,1.3185093400000003,11.780592891452212,8.934781524909189,34,175.23922804436523,-37.779392573810696,50,#2f3437cc,8.934781524909189,670,@EAB{qegmI~ov`gAo]vm@}Wzd@uKrQwwAp~A_M|KvIhGjdAraAbx@nt@xeAxaAdVzTb}@py@ls@zXn_A|^xAgDnk@_t@tJ}Lhz@nSjCUfKaGpx@scAt\tN|RyVfLyNnQf@\gE`B{G~FqKbf@km@xHmHd]i_@tj@}l@vUtLhfFjhCrc@tTbtAsxAh_@ie@~FoMrC}KzAcMNyN_BwRaCmLgE{KoGaKgQyQeHkEuPsIug@gQmLwFyJcIiG{IwEuMcAeK]_ZcYLgWm@si@sDsk@gDyZiCgWuEkJmCuMgF{aByy@wd@iUc\ePqqCkwActBwdAuDlC_g@b^mBxAawCdvB{KrKYh@e|@b~A,<div><strong>Nawton East</strong><br><span>Type: SA2</span><br><span>Territorial authority: Hamilton City</span><br><span>Road length: 11.8 km</span><br><span>Road density: 8.93 km/km2</span><br><span>Area: 1.3 km2</span></div>
sa2_181000,polygon,181000,Resthill,SA2,Hamilton City,1121366.03,1.12136603,9.796033227348211,8.735803444436614,35,175.28842495150622,-37.825248424235355,50,#2f3437cc,8.735803444436614,655,@EAB}f{imIbxpcgAahBpj@qO`F{q@xUks@nVoHvBwm@l_@qu@te@wSnO_HlIkHxFqBz@aGpJ_BbEoAbLgLvc@nGf@j|@bH`c@zJro@~Np`@jg@jf@vpB|PuDxLhZrRgEtAfDrAfDsH`BpNvYbn@aNln@we@~V`i@tn@dL`_@sLp~GmyBd`Bih@gs@{kAsv@wpAvdAk_@jrDgrAzn@cUlV~AdBqNNwAhd@nCfDs]??tY{qBNiAxEu[`@mC{d@iCe]uJe`@mvAsGk@wb@{KsEy@gJk@eUqEgDyAmTuRiOPoJzk@cXbZkDnBaZdP}sCz}@o~Adg@uk@xQobBfi@ojAp_@,<div><strong>Resthill</strong><br><span>Type: SA2</span><br><span>Territorial authority: Hamilton City</span><br><span>Road length: 9.8 km</span><br><span>Road density: 8.74 km/km2</span><br><span>Area: 1.1 km2</span></div>
sa2_179300,polygon,179300,Claudelands,SA2,Hamilton City,1383054.21,1.3830542099999998,11.993959498157096,8.672081984521126,36,175.28616990645156,-37.77957888227955,50,#2f3437cc,8.672081984521126,650,@EABmi}imI|a}`gAkXzdA}E{Aw}AkT}`AuM{`@iFarAwQaxBoYxBpi@bBrTrFrt@?DrIrnBlhCb^daA|Mj{AxSwOvl@|[hAte@mH`a@iR~CZri@zH_BdDr`@tFzJgBv@wCzm@dBlXtDOrBnOrBr`@{hAtUo_@oAaC~E}Ha@MvFo@dLyQtAqCrqBpp@|y@en@~GyF~~@dc@pp@h\lMySpWkh@bl@y`AbIiOhA{D@Kb@{WxEa[tIgZdNwXnJ_OjGeI`DcEvY}_@rQqS~JqJbi@qc@JG~f@s^daAqo@lPcJ|@g@uoAgZwImCo[yEg_@aEylBaXej@}HuLcBogDie@gnHcdAg~@sMyDbC_fClyA_FzApHjg@dI`i@|DnWvSpsAvSvwAmQx]qJpRzo@rR,<div><strong>Claudelands</strong><br><span>Type: SA2</span><br><span>Territorial authority: Hamilton City</span><br><span>Road length: 12.0 km</span><br><span>Road density: 8.67 km/km2</span><br><span>Area: 1.4 km2</span></div>
sa2_177901,polygon,177901,Dinsdale North,SA2,Hamilton City,1286029.04,1.28602904,11.119843853001825,8.646650664281909,37,175.24377878360588,-37.78780289028295,50,#2f3437cc,8.646650664281909,648,@EAB_ilgmIlw~`gAykBf_ByIcHgDvC_FpBk]eBhk@niBh_@ttA`[|gAxIl[d]bnAtLzb@jXhaAfnAjlE~E~VnCvFb]d_@n\qLb~Fk|@lRiDnWkLnDkErXdGt\rJ~[~IvJbBzP\lMaAxI}AnNaGdBmAtIeHfn@}b@fTgK~P}EnGgApQqB|Pc@jQPfc@hCfgBrJp]vAa@mC|f@eBk@gKxCMy^mcC{E^aSyqAgHaf@gByBya@|H_CkOwOgB_xD_t@{^iH_qC{h@{M}Dcq@wWo_A}^ms@{Xc}@qy@eV{TyeAyaAcx@ot@kdAsaAEDuBpDiN|Dq]~YgDtC,<div><strong>Dinsdale North</strong><br><span>Type: SA2</span><br><span>Territorial authority: Hamilton City</span><br><span>Road length: 11.1 km</span><br><span>Road density: 8.65 km/km2</span><br><span>Area: 1.3 km2</span></div>
sa2_175501,polygon,175501,Flagstaff South,SA2,Hamilton City,1547382.72,1.54738272,13.308764896934182,8.600823005787593,38,175.2407900272293,-37.72860151596325,50,#2f3437cc,8.600823005787593,645,@EAB}kdfmItyh}fAI\_Gw@kV|DgLzZmOra@}KzRwNzf@o_@lh@{o@~Wy`@|ReSrMmGnQsKhPeZfW{SpEsFjBwXb@eQdCmn@sa@iZvWo{@sKmJe@iI`@}KfFaPxF}J~@yHy@q\uI{IwDqGo@iBZkBdBqArN}BtF_JzH{JxKeAnCkEjEyBdFaBe@}AqCY{QFgKtf@gp@qEa@sEq@aJuCgMoKcKkKuCeEuJ_HmCnAcShF}Kx@gIIiSoAojAtHoVbCeIbAeHdC_FbD}[t[wF~EmDlCkUxB}ONkD~QcBlEiJxIyObIcDVmT`@yHW_Vm@eHFaVhCwJrBsUvHmOfI}n@ro@gCvAsN~DdEpHkQht@jFLxJrdAe@xE~BjDlFz[`E|G~IfHxOrG~S`Gp]xHy@`Hk@dO|AfMrB|EvIzLfDrGdCzLAbU}AfPn@jLjOnXdZn{@jInRtHvDho@bjAxM|UhoAkJ`oAyD|m@}@laANbt@aAn]aBtReDxO}D`j@mQvM}FdLsGbMeJdPoOdJaLpGwJ|K}TbIcTbMkd@Ts@z[sfAzKa_@~KwXnOiYbSgYhT{V~YiYlmAgbA|NuNzIyM|MkZrKiR`]eh@h_@kc@jtAmwArb@un@~P_MfZ}h@tLuOcSqQkAgBg@mCcEmEgF}JyBeI~BcFUuEp@kGjC{DNqAgIcGy@qCqAyAmJuF^iNmAeAgAMkANoDtDkIx@oBIqCyBg@aKuE}G_PlW,<div><strong>Flagstaff South</strong><br><span>Type: SA2</span><br><span>Territorial authority: Hamilton City</span><br><span>Road length: 13.3 km</span><br><span>Road density: 8.60 km/km2</span><br><span>Area: 1.5 km2</span></div>
sa2_178201,polygon,178201,Fairfield North (Hamilton City),SA2,Hamilton City,738561.53,0.73856153,6.343816690695873,8.58942204950192,39,175.2817273649159,-37.766541623754094,50,#2f3437cc,8.58942204950192,644,@EABofsimIhyd`gAtLrFfZtXbQ|TvK`KtOlItEzAxFj@`]nD~[zE~]|GddArXjHkOzvE`q@vJgLl~AbUh@kAfi@}jA|Bd@bLmVnBaEmCa@`[cq@`Dd@tfA}fCfA{Cac@qGy\}E_sBuYihAuOu|@iMeaC_]cFq@ujCo_@_aByUsb@iGea@yFuy@m_@_w@a\wGlDyf@zZ{MrRyKzq@}Jdn@W`BiPhaAgFpZvi@zEfFlA|H~CtHxF`E~FbN`b@xB~DnDpD~HrFdKvDte@hHj\vEf\tExGxA,<div><strong>Fairfield North (Hamilton City)</strong><br><span>Type: SA2</span><br><span>Territorial authority: Hamilton City</span><br><span>Road length: 6.3 km</span><br><span>Road density: 8.59 km/km2</span><br><span>Area: 0.7 km2</span></div>
sa2_180800,polygon,180800,Silverdale (Hamilton City),SA2,Hamilton City,802221.83,0.8022218299999999,6.877848165994661,8.573499135513005,40,175.32763509826324,-37.7916816319765,50,#2f3437cc,8.573499135513005,643,@EABokolmI|rfagA@fAuCnEa@pCiDbCrDjE@|GcCPaA`AFrCaBhA{AnCuD~@oExE{IDkCbE{JxBSjCg@n@qLxA}FzAiCKwBdHsFrAQ|AgD~H^tCv@l@G~AfBdCtB@f@zC`Ev@\xAa@fAt@bAbFxA|AtBdBPrHy@vHbCv@z@jA`IQtDcB|Ff@xCfS`TbCv@xKlAzB~@`DtEjC`ArGhFlArLMb@_EtAMlDeBfC?~@bBvBvJzFfDxF]jCp@|A~LfIdSi@~L}AhFtDz@pB^fFfE~Ed@`AAzAeBpBeEjC_FhL}AnCeE`E{@hCEZqAvCoElCsM~B_FrC{Ej@{DdCu@~ALxEbEzDhFfHvBv@nEvHVtAfERpEhDrJbDxE`CnGrE|HvLdFb@`D|@lGfDHfD}AxO?jF^lJlBvOHfIaBjA_I?{BzAwCC_FoA_DiB{CkC{AcDiHVgF]{Bx@_EfFmElJWjU\x@pBhAXxCu@xCcGbFsAfCEbRrAxB`CdTpClB~GtChGpFnGfNrOvLyHxUmElPf[zSzcBvfAlj@~YbeAusC`CqG|t@iqBdJqV_GkBpO{WjB{C`gDzt@bEz@bA{DhFyStx@xKdCZbU{}@VaA`Sex@~RcO|G_@a[_UpdAyc@{}@sn@mS|NyrBsvA_^t]qFw@atD}jBeqFooCsHjGcy@wb@O^}B`E_Dh@qFhEqGbAd@rD{@xCfBvE,<div><strong>Silverdale (Hamilton City)</strong><br><span>Type: SA2</span><br><span>Territorial authority: Hamilton City</span><br><span>Road length: 6.9 km</span><br><span>Road density: 8.57 km/km2</span><br><span>Area: 0.8 km2</span></div>
sa2_181101,polygon,181101,Fitzroy (Hamilton City),SA2,Hamilton City,1489446.57,1.4894465699999997,12.500407378529468,8.392652432325566,41,175.3004887703975,-37.8167339319251,50,#2f3437cc,8.392652432325566,629,@EABqiqjmIjirbgAaEZcBa@[f@_B?}BAa@m@}Bh@yKy@i^{@kWaBe`@kFk[aH{F|OogAhgCkFdAaHv@iJzYxJtF_AxC`jFnxCy_@td@va@n[}o@dc@c`@jp@au@de@}_BlcA_fCf~AcTkPwErEsEtHsExMiCjDgFrD_M|EsMvD_NlIiFlIkFpLb~BfgBlMeJbDvD|}@lz@zNjPdAph@jXBlHvNzu@sPhiC{o@rN`X_TplAgVnuAzwA{@jeDh^hmAfBfx@_Kv^cGvL`Xpu@ue@u[qNpHkNuTo@cIcf@bScJhGeFtBqDdHc[wMoAlI_`@kOk@qEiIv@mDtBiEtFwFoB{CyA_AqFBgKcEwIeAkDiAsAcBYiCbAoDnBk@jJs@tCgBf@kFc@}@VoBvCwC`@gChCyDrEgCjHyBDkAxB}CwBwDC{@r@{AjBi@fIFvC_Ai@cEoB_FAyAvEcD~BaEbFsD|FaLlMwG~E{DX_Ae@uHyAkCIcI_@sAaXcUaWgQ`@eFgBmIr@uIOqAeEeHiC{AcDwDyEsBeA{Ak@wEVeBdCuBpHcLeAmHaDoJnD{E_@i@yKeEeKiNa@sDr@q@hCKZaAcAmKP}JmAaE~C{Kv@wJ~G_IjNwHdBqIlD}ExFgEjBsG_A}IPyAv@q@nDkA~I}RJWn@yCUaJrDuJmPaHaFiAaGAqRbAuGi@wGgCoMkK{G_B{GDoEn@yDfBcEdFiI|AyILuOgBkJ}A_GqBySqN{C}DuGiSiB{ByDmBgEg@{ItBqCFcl@sHuf@{AqD{@aFmFaG_LeVi\aA}E_McL}@_B@}BtDeBtTqCzDoBxBoFyAmHMqDfBwCvB{HvDwI~GiKlDyDnF}DfZuPlPsLzJ{JdCiFz@qFZwLgAsUAMiD_MgUwk@EBiD~BaBDcJrCoJtAwXzB}gApBs_@F,<div><strong>Fitzroy (Hamilton City)</strong><br><span>Type: SA2</span><br><span>Territorial authority: Hamilton City</span><br><span>Road length: 12.5 km</span><br><span>Road density: 8.39 km/km2</span><br><span>Area: 1.5 km2</span></div>
sa2_180200,polygon,180200,Hamilton East,SA2,Hamilton City,2221222.13,2.22122213,18.18643569141986,8.18758081228907,42,175.2993399112242,-37.80095642365405,50,#2f3437cc,8.18758081228907,614,@EABcobkmI`y_bgAqr@tlCej@xtByq@nkCfXaBfM?`NZxSdBrUdEhZzIpTrKbr@p`@j_@bRn`@bPbh@fO~\zGpYlCdfAtArY`BhQbDdg@bQdX|Ij[`Hd`@jFjW`Bh^z@xKx@|Bi@`@l@|B@~A?Zg@bB`@`E[r_@G|gAqBvX{BnJuAbJsC`BEhD_CDCfLcI`OoObQ{VzMwUbLaLtI}EhPaG~X}GvUiDZCjLoAjKMpw@lAhb@BdgAoF`Hu@bQqD|m@yUdf@aUvM_JjV_T|W_KjqAu_@t^}NRKvSyLnQeN`KiJlYo]FKlLaOrJcOvMoXtEmRhA_CbAwNSo@`AmB`@oGLaJmEyZuGoUeOuWqLaOiN}WwUaUkJkGaAkCc[wYiVmUmYi^aiBaSuXpdAmf@~iBs[wDsIcAow@ob@yd@}U_MiJaD}AkH_DwjA{Pc}@sMuQkCurAgRupA{QmhD{e@_gGmy@s{Ba[{Ib]ia@f}Ao[tmAwO|l@,<div><strong>Hamilton East</strong><br><span>Type: SA2</span><br><span>Territorial authority: Hamilton City</span><br><span>Road length: 18.2 km</span><br><span>Road density: 8.19 km/km2</span><br><span>Area: 2.2 km2</span></div>
sa2_180100,polygon,180100,Melville North,SA2,Hamilton City,688334.92,0.68833492,5.619973322378962,8.164591333502246,43,175.27979837388335,-37.809751073864305,50,#2f3437cc,8.164591333502246,612,@EAB}csimI~~sbgAqBpRHzMfAxGbF~NxElHnGnGtHlFfJnE~L|DpDjAmMxGc|@hf@vb@rc@cFrChUvTmAfFrQdQrDu@`LqGDCjBuB}Ga_@bEwBhEI~O]lB|B_@tCbBrFnJMvDbEbDaBfDO`It@LdLx@dClDu@vBcHrAThFlJ~ASz@^~@GjBgArG?|@fTbXMm@k^po@_d@`PfEsObYt`AvWvP|Fvy@rb@bf@vPnmAnl@|U{SNOld@wa@dHqD~AtB~EtGjNrEh~@dAzcCtUnf@zEnNop@vDuOw`@aEx@eD|GyWhPio@ypAyu@zBuCnV}]}HyChG}IvTm[xOGhHeKdBo]pOmOrOuByIa[cNtBuRxCcmBzPyTMqKaEc|Bi{@sIxP}Qp^bbBvn@bOfEmI^q]zAep@~AcVSuN[knAaRg~@{[aJ_BvFsUslEmn@gZoo@zEgWgeB}Qe`@cEwIv@mAzOvDv@z@jDcBxB@dCqAlAvErz@gBF_C~[d@xDoJr}@c@jE,<div><strong>Melville North</strong><br><span>Type: SA2</span><br><span>Territorial authority: Hamilton City</span><br><span>Road length: 5.6 km</span><br><span>Road density: 8.16 km/km2</span><br><span>Area: 0.7 km2</span></div>
sa2_177500,polygon,177500,Chedworth,SA2,Hamilton City,876556.57,0.8765565699999999,7.053891449958191,8.047274632780622,44,175.28638981942595,-37.75038784361635,50,#2f3437cc,8.047274632780622,604,@EABix`imIvvz~fA_FpA}CIyVqHqMgAwLWaBe@qBgCgBk@sClAmF@_Fl@yFAaAbBaH~FuGnHyGxCe@HyBVcTrI{Ma@iW{GiCTuBOkAhAoJfAgGfCm@`Cd@rDcAfB_DnCUdA{GpAoEjCeAjHqFeAcFOgJuAoOgDgFeBuUgDym@oLaa@}DuGKmLlCiCzCkBvNqCpLsDlHELg@|@yC`BeGbAeXdBkZ`AsPDu_@w@mm@yDrP{h@qOwBkWvF}UbIcjGl_Dab@zQ}G|BoMdC_RrKvgAl{Cva@rr@vb@`Rdc@pFrIW`\sAxAEfa@`L|~Ahe@xdAzZfk@bP`wApb@vPfE`B{Hnk@cfA|Zck@rp@gmAnPc[tBaEpj@acAvp@_lA~_Amz@|^aYfNqKxFwEhtBqbBdKgIzUeRxS{PpMgi@`TsiAyOr@qp@zC}AfPyQve@yAvJfGpFj@vAoCbLiDdEuDfBuZbIcCzAe@~@|AlBFdAmNhG,<div><strong>Chedworth</strong><br><span>Type: SA2</span><br><span>Territorial authority: Hamilton City</span><br><span>Road length: 7.1 km</span><br><span>Road density: 8.05 km/km2</span><br><span>Area: 0.9 km2</span></div>
sa2_180700,polygon,180700,Hillcrest East (Hamilton City),SA2,Hamilton City,1017168.01,1.01716801,8.134460931994305,7.9971655144702245,45,175.32192509632762,-37.7950795988721,50,#2f3437cc,7.9971655144702245,600,@EABawzkmIhjuagAcUz}@eC[ux@yKiFxScAzDcE{@agD{t@kBzCqOzW~FjBeJpV}t@hqBaCpGceAtsCbk@bUnZpJpj@jOji@pKxa@bId~At\v}Ab\na@lI`d@nHbd@uAliCoCdO}@B?bVgEnP_GbiCkbAdEwAzJsGdBaAb\i]df@ug@`IiDka@ivBgKcl@sJqj@{CcIqHwHqn@wd@mBuIeJ}]aAuDif@ijBmXgq@oByEuq@abBoEbAiVnFaSlEik@fMsCn@mRfEjMbv@gu@r[qdAxc@`[~T}G^_SbOaSdx@W`A,<div><strong>Hillcrest East (Hamilton City)</strong><br><span>Type: SA2</span><br><span>Territorial authority: Hamilton City</span><br><span>Road length: 8.1 km</span><br><span>Road density: 8.00 km/km2</span><br><span>Area: 1.0 km2</span></div>
sa2_179201,polygon,179201,Greenhill Park,SA2,Hamilton City,2043951.56,2.04395156,15.850138489281779,7.754654659859835,46,175.3042003481358,-37.7536176657514,50,#2f3437cc,7.754654659859835,582,@EAB{|zjmIf~w~fAorMd|VqDmAafBz`C{n@vh@}p@~Ywq@rd@cg@hZ`oRbsDpKe[cjCmg@c[aGrlB_nFX{@|x@lX|a@axA`AgDzNkg@zAiFxAgFtE_PjkB``@pwBvc@nh@tK~eBl^f[pG`fAtTds@cuBnMc`@`AmC~f@myAtB_GnAiJfDkL|c@dHx]bERm@fgA_tDhr@q_CpKm^tRmp@fBaGrr@pNlW_r@kD`AwoGccAqyBs]o`JowAk{@cNaInB_IlB,<div><strong>Greenhill Park</strong><br><span>Type: SA2</span><br><span>Territorial authority: Hamilton City</span><br><span>Road length: 15.9 km</span><br><span>Road density: 7.75 km/km2</span><br><span>Area: 2.0 km2</span></div>
sa2_180500,polygon,180500,Bader,SA2,Hamilton City,1096005.2,1.0960052,8.485363527109026,7.742083273974454,47,175.29256043069506,-37.8088677325263,50,#2f3437cc,7.742083273974454,581,@EABkxcjmI~anbgAib@Cqw@mAkKLkLnA[BwUhD_Y|GiP`GuI|EcL`L{MvUcQzVaOnOgLbIfUvk@hD~L@LfArU[vL{@pFeChF{JzJmPrLgZtPoF|DmDxD_HhKwDvIwBzHgBvCLpDxAlHyBnF{DnBuTpCuDdBA|B|@~A~LbL`A|EdVh\`G~K`FlFpDz@tf@zAbl@rHpCGzIuBfEf@xDlBhBzBtGhSzC|DxSpN~FpBjJ|AtOfBxIMhI}AbEeFxDgBnEo@zGEzG~AnMjKvGfCtGh@pRcA`G@`FhAlP`HrIqNzJgKfEuC?uDm@yBRmA~EqC~QuEfDLtEhALFrFvBdl@~F`]xKfJ`FtEtEnAzBYrCeHbHgAbHdBlCjCtHdDfEfCz@hF^rF~Bl[lCzKbD`fD_qBlDmB`}@jr@|JpGfN|JdFgElBoDZ}Bw@uHf@iC~JaDzDaGdFoDoBaOr@yFnCuAvG{@t\yOsQeQlAgFiUwTbFsCwb@sc@b|@if@lMyGqDkA_M}DgJoEuHmFoGoGyEmHcF_OgAyGI{MpBqRb@kEnJs}@e@yD~B_\fBGwEsz@pAmAAeCbByB{@kDwDw@lA{OvIw@g|AiPoH]aWa_@iQcUkMiKy_@_x@SJu^|NkqAt_@}W~JkV~SwM~Ief@`U}m@xUcQpDaHt@egAnF,<div><strong>Bader</strong><br><span>Type: SA2</span><br><span>Territorial authority: Hamilton City</span><br><span>Road length: 8.5 km</span><br><span>Road density: 7.74 km/km2</span><br><span>Area: 1.1 km2</span></div>
sa2_177800,polygon,177800,Porritt,SA2,Hamilton City,1233895.41,1.2338954099999997,9.46091579922896,7.667518431913903,48,175.28961329403694,-37.7570474489426,50,#2f3437cc,7.667518431913903,575,@EABonbjmIzbd_gAct@~hFiEb`@{Dn\\`IE|CwKn^mPzi@h|@zOxIvF|O|P``A~dAtK`KtOrHhK|Cvm@bLfj@dKtp@lMtUdItMbJdh@hf@|g@td@xKpR~v@`\ty@l_@da@xFrb@hG~`BxUtjCn_@bFp@daC~\t|@hMxLue@dKga@hPoo@lNkPlI{JjWidApW}bAt@mLaBuIiCcHq_@qp@gJwBosBqYdD_Moq@eLkmCid@m`B}OmAaJmImi@lBsIwPgEawAqb@gk@cPydA{Z}~Aie@ga@aLyADa\rAsIVec@qFwb@aRwa@sr@wgAm{Ckb@_kA_GmJ_Ix]mY|mB,<div><strong>Porritt</strong><br><span>Type: SA2</span><br><span>Territorial authority: Hamilton City</span><br><span>Road length: 9.5 km</span><br><span>Road density: 7.67 km/km2</span><br><span>Area: 1.2 km2</span></div>
sa2_180300,polygon,180300,Melville South,SA2,Hamilton City,989983.75,0.98998375,7.490401481084943,7.566186294557807,49,175.27824263842217,-37.8151139907713,50,#2f3437cc,7.566186294557807,567,@EABculimIhq{bgAcXL}@gTsG?kBfA_AF{@_@_BRiFmJsAUwBbHmDt@y@eCMeLaIu@gDNcD`BwDcEoJLcBsF^uCmB}B_P\iEHcEvB|G`_@kBtBEBaLpGsDt@u\xOwGz@oCtAs@xFnB`OeFnD{D`G_K`Dg@hCv@tH[|BmBnDeFfEgN}J}JqGa}@kr@mDlBafD~pBlOvAdBn@jAjAhGvSdDfClG~A|RrAbCnAh@hBErCuCxNhBfE`@RvKc@nI}A`CcBlKmH`dApu@tkA_k@lBhCeAnLhAd@hBKdAk@h@{AhA]tE^`Cm@hAF|AjB|DhA`IzH`DjAvC\zASlHv@fHu@tBJX`DzAlA`@nAm@dDqEpHmAzAmCdAg@v@r@|AfIvF~JdDzBxDGfC}@dAeC\}GAy@f@S`Ar@`DjExErBjEH`LxAvBlDp@zIoBpUnCzLMnDjBfCpGdA\|GcAzTwFxLgE`Lh@rHGtAh@]~C{CvB{W`Dw@hBb@lBnCr@`FKtBn@rJdO~OtMfCb@tBYlC_BrAcC~Bg@|B`AhPzPzF}@nBkAbFm@bECyNcdA~yBqSxTmBb|AdR~v@nJluAfQrf@fGfEl@nU|JtSbIlFg@~bJksAd`@gGt@MtzBu]jBgOtGim@zFqr@eyB}y@mDj]mqBev@eWsJk|Bm{@YfAqAbFe^aH}GxWy@dDv`@`EwDtOoNnp@of@{E{cCuUi~@eAkNsE_FuG_BuBeHpDmd@va@ON}UzSomAol@cf@wPwy@sb@wP}Fu`AwWrOcYaPgEqo@~c@l@j^,<div><strong>Melville South</strong><br><span>Type: SA2</span><br><span>Territorial authority: Hamilton City</span><br><span>Road length: 7.5 km</span><br><span>Road density: 7.57 km/km2</span><br><span>Area: 1.0 km2</span></div>
sa2_177400,polygon,177400,Forest Lake (Hamilton City),SA2,Hamilton City,1228100.27,1.22810027,9.199001922141266,7.490432293562858,50,175.25224526504917,-37.7724006657882,50,#2f3437cc,7.490432293562858,562,@EABi~ngmIvia`gAiaBtkA}bBiaAvvAcc@on@cg@wOrKicAd\yv@vReZlHydAfWa~@zNedApPw\hFkp@xUiJnJs_@p\id@xd@aBzMjOtCrF|Cz`@`UxlAlq@fC|Bvn@n}@tRxXzeAle@jaAlc@h~@~a@zDjE``AzmApo@b{@~PtUxBlB`w@ll@pt@lk@px@`p@`k@hi@ra@o[nToWfMsR~QcYzd@ubAf^gx@bkD{vHeyCoj@s|Akp@aGgCVcPnz@ohBzh@eiAsX{OwuA_x@iF{Ayf@tZg|@tg@sGhDeI`CgExC,<div><strong>Forest Lake (Hamilton City)</strong><br><span>Type: SA2</span><br><span>Territorial authority: Hamilton City</span><br><span>Road length: 9.2 km</span><br><span>Road density: 7.49 km/km2</span><br><span>Area: 1.2 km2</span></div>
sa2_177600,polygon,177600,Beerescourt,SA2,Hamilton City,1020124.45,1.0201244500000002,7.540846069827684,7.392084436195685,51,175.26245425535,-37.7669021818802,50,#2f3437cc,7.392084436195685,554,@EABs|dhmI~_s_gAhG|SlCnUHdJe@jL}CvRgJpViP~WaQ`ScWbUGD{jAh`AsQbQkSrRqWlYiGpL}@~HM`NcExh@qF`e@eFz[oFlUmHrV]bAcTzk@cS~e@ue@~cAS`@m\xo@_\pg@_[ba@g^l_@vf@b[cm@ds@`B|B`N~JWhA{DhB_BtACn@d@b@rC^tJ?pDhEtB^~Ca@vEqBpO_QzByAzI{BxPaBzX}DtBChB`@tAh@nC|DFbCk@pDTtDlCfBtFpAfDp@~DNzCa@nAkCtEsDp@qEoAyAZc@|RMdM^dKGxKxA~C~@bEjE~EzA`EdCfFcA|GG`AV|C|M~AXfHIdCn@mBrGvC^vBvJQhB|AxB^bCmAnFuBzChCh@dF}@xTt@rGt@zXgfApa@q{Ajn@{fCvJs\pGqG`B{Mhd@yd@r_@q\hJoJjp@yUv\iFddAqP`~@{NxdAgWdZmHxv@wRhcAe\vOsKnb@qYlH}DczCozB{x@an@_}AkhAoJsHw|A}hAmLnKiDrGwF}@{DgBaf@i_@aF_B}WwDcDuC_]OsFi@y]G,<div><strong>Beerescourt</strong><br><span>Type: SA2</span><br><span>Territorial authority: Hamilton City</span><br><span>Road length: 7.5 km</span><br><span>Road density: 7.39 km/km2</span><br><span>Area: 1.0 km2</span></div>
sa2_178901,polygon,178901,Frankton Junction,SA2,Hamilton City,3516514.41,3.51651441,25.794318845356255,7.335194979438817,52,175.2619248885484,-37.7972465487931,50,#2f3437cc,7.335194979438817,550,@EABkylgmIla{`gAye@h\eGeJ}BcB{Co@sEZiDu@iBV}GfDuDxDsHbEmQfHkKpCoFfCcKvI}BbA{Hx@iIo@mHh@{JdC{EfCqLhAiXpGoHh@gFAaDr@mLd@aGtB_HzFiLnHaF|BcLdDqJLiGrBsPJuNhBwIMgHcBgH_@_BV}AdA{AbJuF|CyALiQiAuDB_I|@wT}Ay@_@{FgJ}AqAqGiCv@r`@vSboAqnAvJi}AbM{MnAsmBzOdGb`@qFj@wh@dEhA~GukAxJjDdUu[pCsOa_Ac_A~HylAnKohA~HiIkUmA{Hkl@~E_BgKiOdBgAiHoC|CgP~QMvFkJv@Lv@ac@fErBuBx}A}gBtLcNaoB}oAuEdG_EfFcQz]mdBhnBqdBjlB_cBxmBkOxPfl@lPdaBtPdLmL~|@scAxa@fSuG|Gn\~O_l@lp@n`AhIz|@lInmArLzSzEhk@tPpXvMhq@fTni@xO~JbBzPvAjQNdQo@tPsB|SeF~|@}a@cx@je@oOvK}LhMkJxNqCfG_FfP{BfPKvHxBb|@IzKYrc@z@jfA}A|x@nHdiIpAjdCZz\}NLotAuAu{C_DDbF\fj@m]JlHf}AcoAZvAtcBrOnf@c{@fLsOtBqOlOeBn]iHdKyOFwTl[iG|I|HxCoV|]{BtCxpAxu@iPho@d^`HpAcFXgAj|Bl{@dWrJlqBdv@lDk]dyB|y@xEc|@~Biv@z@cw@iBazDlQcCrPaBllJ_wAnHgAxbEcn@lwAgTryAyTvEq@ky@cjBiHcPqI{Q{m@asA{c@kdAklAulCyp@y{As^yv@y@qB{Ef@shCh`@qAcZ_Ao\bAob@nBeKtAaZ~wBbCzZcvDaEUzF}o@_b@mzA~FeJpBqC_gAo_@tUuUxMtIxcC{^|AtFlEo@l[yE}AwFlW{DlFw@bC|BjD`A`ED~I}@xvFcy@opActEyRgp@|]_Jj]dB~EqBfDwCxIbHxkBg_BfDuCp]_ZhN}DtBqDDEwIiGwv@o|@{CyC,<div><strong>Frankton Junction</strong><br><span>Type: SA2</span><br><span>Territorial authority: Hamilton City</span><br><span>Road length: 25.8 km</span><br><span>Road density: 7.34 km/km2</span><br><span>Area: 3.5 km2</span></div>
sa2_176600,polygon,176600,Queenwood (Hamilton City),SA2,Hamilton City,1489449.42,1.48944942,10.742197052181908,7.212193249356469,53,175.26795199156135,-37.746701212759646,50,#2f3437cc,7.212193249356469,541,@EAB{{zhmI|kc_gAgh@`fA}Tde@}DdFfiApOhp@fJ~kBbXhNpB~lA`QbIX~Hy@lKeExgB}_AtB_BxC_EfJsTx@sBzA{AnI_BdE@jeA|@tKad@xJkZvI}S`JiQvKiQh[q`@jo@}o@tw@sc@|q@u[`UwLzp@od@hv@qc@hoBqkAbv@_c@|T_Jli@sJ`WwH`HmDdKwE|O}L~MoQ`EaH~RmQfKkG}fAsl@{UmWiZeUkY}MkeAor@qDy@iaA}Tu_Dc\sR_Hqp@zb@cZlMeYdUkh@~[yJjG{OvLce@b_@}qAfk@iuAvh@isCdg@g_AbLw}@zFcv@dCewAnAaTriAqMfi@ySzP{UdReKfIjVhQd[zDrXvGxVrJnXnPnM|MlEfGhIrOdGtQ~AlHnBvT@lPy@pJ}CrPoCrIkV`g@,<div><strong>Queenwood (Hamilton City)</strong><br><span>Type: SA2</span><br><span>Territorial authority: Hamilton City</span><br><span>Road length: 10.7 km</span><br><span>Road density: 7.21 km/km2</span><br><span>Area: 1.5 km2</span></div>
sa2_180900,polygon,180900,Glenview,SA2,Hamilton City,894602.63,0.8946026300000001,6.384362653338932,7.1365346347561385,54,175.2883778919221,-37.8193290573513,50,#2f3437cc,7.1365346347561385,535,@EABwbejmI~pacgA_H~Hw@vJ_DzKlA`EQ|JbAlK[`AiCJs@p@`@rDdKhNxKdE^h@oDzE`DnJdAlHqHbLeCtBWdBj@vEdAzAxErBbDvDhCzAdEdHNpAs@tIfBlIa@dF`WfQ`XbU^rAHbIxAjCd@tHY~@_FzDmMvG}F`LcFrD_C`EwEbD@xAnB~Eh@bEwC~@gIGkBh@s@zABz@vBvDyB|CEjAkHxBsEfCiCxDa@fCwCvCWnBb@|@g@jFuCfBkJr@oBj@cAnDXhCrAbBjDhAvIdAfKbEpFCxA~@nBzCuFvFuBhEw@lDpEhIjOj@mI~_@vMnAeHb[uBpDiGdFcSbJbIbf@tTn@qHjNt[pNvm@m_@nHwBjs@oVzq@yUpOaF`hBqj@njAq_@nbBgi@tk@yQn~Aeg@|sC{}@`ZePjDoBbXcZnJ{k@cEBcFl@oBjA{F|@iP{P}BaA_Cf@sAbCmC~AuBXgCc@_PuMsJeOuBo@aFJoCs@c@mBv@iBzWaDzCwB\_DuAi@sHFaLi@yLfE{TvF}GbAeA]gCqGoDkB{LLqUoC{InBmDq@yAwBIaLsBkEkEyEs@aDRaAx@g@|G@dC]|@eAFgC{ByD_KeDgIwFs@}Af@w@lCeAlA{ApEqHl@eDa@oA{AmAYaDuBKgHt@mHw@{ARwC]aDkAaI{H}DiA}AkBiAGaCl@uE_@iA\i@zAeAj@iBJiAe@dAoLmBiCukA~j@adAqu@mKlHaCbBoI|AwKb@a@SiBgEtCyNDsCi@iBcCoA}RsAmG_BeDgCiGwSkAkAeBo@mOwA{KcDm[mCsF_CiF_@gC{@eDgEkCuHeBmCfAcHdHcHXsCoA{BuEuEgJaFa]yKel@_GsFwBMGuEiAgDM_RtE_FpCSlAl@xB?tDgEtC{JfKsIpNsDtJT`Jo@xCKV_J|RoDjAw@p@QxA~@|IkBrGyFfEmD|EeBpIkNvH,<div><strong>Glenview</strong><br><span>Type: SA2</span><br><span>Territorial authority: Hamilton City</span><br><span>Road length: 6.4 km</span><br><span>Road density: 7.14 km/km2</span><br><span>Area: 0.9 km2</span></div>
sa2_181200,polygon,181200,Riverlea,SA2,Hamilton City,1739465.38,1.7394653800000002,11.962290665338259,6.876992668482001,55,175.32317456957583,-37.8057281319756,50,#2f3437cc,6.876992668482001,516,@EABccmlmI|pdbgA~BdD\`B\nYpA`E`G`ITdKx@~Fy@xCaDlCoBl@uGXwDzAg@nEnBnGnKhJlBjDIxHd@tClAbCtCdCtAzBbDbOn@fHdD`EjBlF@fBoArFPdClApBtH`HnAfCy@hGBnJcJrH}A~C[vCVzDtA~BzBtAbEz@^nAoExGsApLzF|[xJnEpCRtIs@|Gp@xJBrKyCfDJdChApG~JdFlJVxDm@lCwAxAiO`D_@fDf@rC~LpSl@|E[t@mBdAaJvA}Ap@oB~AuFzI{CtBoJFsJsAaBCcA\i@nCt@hGlBjFpCjCvFzEt@`Bd@pMpArA`KdB~K~@`BxAX|Bg@`A_VzHiUbQaBxCz@bLeA`CaEpAkEzElDbAbHbF|AfHhLnODxDmCdMb@`DzAzB`HtErLbDvHfAdVrFtI~DhAdCHvCi@`CiFjK@x@f@p@lEn@fMAzBd@vDhHRfDe@zBqDbEm@hBApDzBtBdFdA`Gd@`PElFp@tR`HvBrADvBu@rBcCbCmGx@iBzAw@tIb@rBzB~A~HnBdKjAdBv@KhBeB|DcIhIl@vBrCbAv@pBBtDcDnH@dDhAbDdDnDxChAnEDbFbA~BnAlAfCKnSdAbB|FtCj@`CsAlEaG~DkA`Bf@~CbC`@nEOpQoC~U_L`IuGzDyFzEaMGoQ~@kFdH{EzDg@dVy@~Mv@jOdDzDJtN}@tOyBfE{AhHeFvSmf@nMkRlBiEdAgKu@wQHeFdAyEhFkM|JiPfKuU`G}ChNyAq@aIUoZb@uTxCuSpEwM]ElF}IpOgPn_@y]dMsIxUiLtJ_Cr@s@f@R`DoA|CYV[hABP_@bCEjBs@fFQnFcAhHShGgA|C\xLo@zCw@`EN|Ca@|MEvi@nBb|@dJ`[xAj[KvPkA~JuAjKoBxRsFbT{GnHwDzIiHdIqInO{WfGcO`CeEpNk`@|KoPlOaO~RsNzOwHhKcDtLgC`UkCxq@okCmv@~XsJnDsLxCsMdB_Mt@_MAcN{@mLsAmIgCqG_A{kB}r@cSsHqu@qW{bBwn@C?eO|@miCnCcd@tAad@oHoa@mIw}Ac\e~Au\ya@cIki@qKqj@kOoZqJck@cUmj@_Z{cBwfAg[{SubAjg@dEnC|@dBt@fF_@xD{BxBsQ~CqE`BcBtAcExVyA~BsG`FiAhCsAvIyDlNSvEzJdX~FnJjEhAlBbEfBt@lNjAnBh@`GxIlIlBrAlCs@bDNbB~AjC`B`AfDz@bM|@jTvC`EhAbFlE}FnDQjB,<div><strong>Riverlea</strong><br><span>Type: SA2</span><br><span>Territorial authority: Hamilton City</span><br><span>Road length: 12.0 km</span><br><span>Road density: 6.88 km/km2</span><br><span>Area: 1.7 km2</span></div>
sa2_179700,polygon,179700,Hamilton East Village,SA2,Hamilton City,1321224.64,1.32122464,8.990514673086917,6.80468286837802,56,175.2940249360779,-37.791052415869856,50,#2f3437cc,6.80468286837802,510,@EABempimIpxbagA}y@dn@sqBqp@uApCeLxQwFn@`@L_F|HnA`CuUn_@s`@zhAoOsBNsBmXuD{m@eBw@vC{JfBs`@uF~AeDsi@{H_D[aa@hRue@lH}[iAvOwl@k{AySeaA}MmhCc^sFxZyIlpA_G`~@cJptAy@tLuErq@}y@v|@tfBfWeDfNkBxHw[pnAgHnWqMfg@_FnRkOhj@w@bFqHvXeRlr@wLrc@iDdQtpAzQtrAfRtQjCb}@rMvjAzPjH~C`D|A~LhJxd@|Unw@nb@rIbAr[vDlf@_jBtXqdA`iB`SyKkSyXyu@}S_b@cIcTiEeO{C_Ui@kRv@qULcApCaPtHqV`KwS|KkPvUuVxB{BhZuZrVaUr@cEvQmOh_@o`@|G{G`EmCtAgCjUsSrP_Q~UoSrAmAtIiHdr@oe@fLgHlBqC`KgFv^y\vDoB`HoGlJkM~LiRrDqIlGaHbOwT~AcBx]y`@lCgBjBcDxJeLz@eAqp@i\__Aec@_HxF,<div><strong>Hamilton East Village</strong><br><span>Type: SA2</span><br><span>Territorial authority: Hamilton City</span><br><span>Road length: 9.0 km</span><br><span>Road density: 6.80 km/km2</span><br><span>Area: 1.3 km2</span></div>
sa2_178301,polygon,178301,Whitiora,SA2,Hamilton City,767552.94,0.7675529400000001,5.15443274983284,6.715410079509095,57,175.26914376124728,-37.777368030864295,50,#2f3437cc,6.715410079509095,504,@EABgluhmIrjn`gAsoAtp@{zCnbBc@VkkAjo@qn@`]da@tJ~ZxIlw@~PfY`HjJfDjq@|QzXdPnKlLrBxFpfAl|Bj]`s@jDnEnEbG`oB|oAp[o^l_@yKplAu[hhBke@za@eI\sIkFeXU_JmAyBcFuDByArAaCV_D{BwCgC_B{AiDpAyAJ_AvFkBdEyC{@wIjC{FSqF|GqEbA}AByBuAwGZuE`AwC~CuFjEgEbBq@|@@x@`CzAdAt@Y`AkEB[`@eCvBiDvGa@hF_C`Jx@pAEhAm@fCyDZ{F|B{FdIcN`GeHdTaQ`P{KrTeHbADfAnA|@{@bAkHDiIfAsFi@kDyC{CuP_GOuFk@yAeEuCkRyTcFwS_AqByAy@iKeAuHIyVvBaDaA}DoCmAEQT_ETiQYsGu@yTu@eF|@iCi@tB{ClAoF_@cC}AyBPiBwBwJwC_@lBsGeCo@gHH_BY}C}MaAW}GFgFbAaEeC_F{AcEkE_D_AyKyAeKFeM_@}RL[b@nAxAq@pEuErDoAjC{C`@_EOgDq@uFqAmCgBUuDj@qDGcCoC}DuAi@iBa@uBB{X|DyP`B{IzB{BxAqO~PwEpB_D`@uB_@qDiEuJ?sC_@e@c@Bo@~AuAzDiBViAaN_KaB}Bbm@es@wf@c[u@r@qa@|\eg@l\,<div><strong>Whitiora</strong><br><span>Type: SA2</span><br><span>Territorial authority: Hamilton City</span><br><span>Road length: 5.2 km</span><br><span>Road density: 6.72 km/km2</span><br><span>Area: 0.8 km2</span></div>
sa2_177700,polygon,177700,Miropiko,SA2,Hamilton City,2078836.86,2.07883686,13.679529986558183,6.580376868321539,58,175.2720681479963,-37.764412473638245,50,#2f3437cc,6.580376868321539,494,@EAB_grhmI|ii_gA_Ix@cIY_mAaQwC`bA}EffBqd@nOcLvGm}@vh@sGvFkDvCcQhOwHdFiOrWlD~Lco@fOsNtBcTFuLkF_KQmG\yH`@aD`AeCoE{[fAw_@xE~D`Ip_@pp@hCbH`BtIu@lLqW|bAkWhdAmIzJmNjPiPno@eKfa@yLte@hhAtO~rBtYx\|E`c@pGgAzCufA|fCaDe@a[bq@lC`@oB`EcLlV}Be@gi@|jAi@jA}M|Yy~Alr@cJ|DkIlGwLdZiMdj@mAfFeFrTe{@yLot@iK}Rxb@mRoH_VEoMrMsv@yKxDgI{RqCvDaPyQkCmEdKwSjd@}Q`a@ngDhe@tLbBdj@|HxlB`Xf_@`En[xEvIlCtoAfZpn@a]jkAko@b@WzzCobBroAup@dg@m\pa@}\t@s@f^m_@~Zca@~[qg@l\yo@Ra@te@_dAbS_f@bT{k@\cAlHsVnFmUdF{[pFae@bEyh@LaN|@_IhGqLpWmYjSsRrQcQzjAi`AFEbWcU`QaShP_XfJqV|CwRd@kLIeJmCoUiG}SyH}P{LyRmQ}RawAslAgNyMmMyN{SiZaN{YcDyKiDmPaBqOs@aQFov@vB_c@hHyi@keA}@eEAoI~A{AzAy@rBgJrTyC~DuB~AygB|_AmKdE,<div><strong>Miropiko</strong><br><span>Type: SA2</span><br><span>Territorial authority: Hamilton City</span><br><span>Road length: 13.7 km</span><br><span>Road density: 6.58 km/km2</span><br><span>Area: 2.1 km2</span></div>
sa2_179501,polygon,179501,Hamilton Lake North,SA2,Hamilton City,1540968.31,1.54096831,10.103576932374315,6.556641604378169,59,175.2733102276369,-37.7953501654436,50,#2f3437cc,6.556641604378169,492,@EAB}l{hmIr`lagAeLlLeaBuPgl@mPub@|e@_g@|i@e@~E{`BrdB_GhHwI|HyIdGoC`AiKvDmi@nS{EbFwSn`@~QbQ|D|FfFhNLd@hBfIfEj`@`@lG\tiA_BpYsF|k@cKjeAiGzo@mAnMJrAtHd_A`~AmIll@}COnHmBtGmDhEkJ|Fo@fAWbDoBVhMnJhFzMa[hP[xL~BrHhDzFvMjPnDjMzAvZ{FtPeQxSiMlFwGhHeBbIRxJ{@nDiA~AEnOjDfFpF|AlEZfMa@~^kFlVcC`m@uCuAsEnGuApCBrCClFcBhk@ad@bBfB`Xy[hS}RlJcGdFyAjJ{@~\r@~SgEUiOd@cKt@aCvAuBrE_ObCgFrEuP~GmRjEgG~GqBJIw@q@zNiJpDqCRqAhB}@fRuCh[y@vXkBbs@mLlY}C|IuBfHwDzLwO~HsSbEaM`BkIlDuH~FgRzH}Mr@mCYoDaFmLiMuOw@eBpmFox@fLoB|A}x@{@kfAXsc@H{KyBc|@JwHzBgP~EgPpCgGjJyN|LiMnOwKbx@ke@_}@|a@}SdFuPrBeQn@kQO{PwA_KcBoi@yOiq@gTqXwMik@uP{S{EomAsL{|@mIo`AiI~k@mp@o\_PtG}Gya@gS_}@rcA,<div><strong>Hamilton Lake North</strong><br><span>Type: SA2</span><br><span>Territorial authority: Hamilton City</span><br><span>Road length: 10.1 km</span><br><span>Road density: 6.56 km/km2</span><br><span>Area: 1.5 km2</span></div>
sa2_175601,polygon,175601,Rototuna North,SA2,Hamilton City,2436231.58,2.4362315800000003,15.396320990599447,6.319728024623769,60,175.26572974912924,-37.71660014916035,50,#2f3437cc,6.319728024623769,474,@EABagcimIt~e}fAls@`pAfhAsWdz@eMvcBuJpp@TrONpd@rD~\vHpa@hNzWdKl[tL~GhCxs@zVdZdJlb@~K`d@fJpUvDfo@dIls@xFdeBzGp_@hBfq@bDjhA~DvDLdsBdIzmApErp@pBvRNn_Am@`DA`KEtp@`@|u@hCp{@caB`h@evAjNud@fTwr@p[cvAca@}BkK}Mqe@cm@a`EynFsAyC{vAkhBaH}IuDy@_fEga@cxAiNqG`G_HbEwNzFwlBrd@}{Dv_AmEdAeEbAsvHviBekDpK}s@tDc^`ZuuC`hDla@lzBlYrh@DH,<div><strong>Rototuna North</strong><br><span>Type: SA2</span><br><span>Territorial authority: Hamilton City</span><br><span>Road length: 15.4 km</span><br><span>Road density: 6.32 km/km2</span><br><span>Area: 2.4 km2</span></div>
sa2_179502,polygon,179502,Hamilton Lake South,SA2,Hamilton City,1467244.21,1.46724421,9.231056034717321,6.291424407609229,61,175.2708882269824,-37.80235500732845,50,#2f3437cc,6.291424407609229,472,@EABqy{hmIlrfbgA_TfE_]s@kJz@eFxAmJbGiS|RaXx[cBgBik@`d@mFbBsCBqCCoGtAtArEam@tCmVbC__@jFgM`@mE[qF}AkDgFDoOhA_Bz@oDSyJdBcIvGiHhMmFdQySzFuP{AwZoDkMwMkPiD{F_CsHZyL`[iPiF{MiMoJnBWVcDn@gAjJ}FlDiElBuGNoHml@|Ca~AlIuE\qVfAn@~Go[zA_@cHen@rCyHpI_Hq@qEF{r@tB_HuCmG^svAzGmm@dCab@vCM`Ja@nGaAlBRn@cAvNiA~BuElRwMnXsJbOmL`OGJmYn]aKhJoQdNwSxLx_@~w@jMhKhQbU`W`_@nH\f|AhPd`@bEfeB|Q{EfWfZno@rlEln@wFrU`J~Af~@z[jnA`RtNZbVRdp@_Bp]{AlI_@cOgEcbBwn@|Qq^rIyPb|Bh{@pK`ExTLbmB{PtRyCbNuBxI`[b{@gLsOof@wAucBboA[mHg}Al]K]gj@EcFt{C~CntAtA|NM[{\qAkdCoHeiIgLnBqmFnx@v@dBhMtO`FlLXnDs@lC{H|M_GfRmDtHaBjIcE`M_IrS{LvOgHvD}ItBmY|Ccs@lLwXjBi[x@gRtCiB|@SpAqDpC{NhJv@p@KH_HpBkEfG_HlRsEtPcCfFsE~NwAtBu@`Ce@bKThO,<div><strong>Hamilton Lake South</strong><br><span>Type: SA2</span><br><span>Territorial authority: Hamilton City</span><br><span>Road length: 9.2 km</span><br><span>Road density: 6.29 km/km2</span><br><span>Area: 1.5 km2</span></div>
sa2_176301,polygon,176301,Te Rapa South,SA2,Hamilton City,4778846.59,4.77884659,30.056015478581518,6.289386970796549,62,175.2392433713571,-37.760251907761,50,#2f3437cc,6.289386970796549,472,@EAB{}sfmI`w|~fAo}@fOk|AuU{\jNaJdaAosAlFaw@|CwR_CwDdi@fQq@TvWtAxAqAnAY`B^bBkWbA_Bjc@oEPeFfFhKrFklB~gA_Z~PghAxo@uT_MkwCbuC_DnCmuA|sAuoAfnA{AnCqF{BeKl\iApDwfA`mDwIbYuHfVruChqAkd@jg@ml@r^mH|Dob@pYnn@bg@wvAbc@|bBhaAhaBukAfEyCdIaCrGiDf|@ug@xf@uZhFzAvuA~w@rXzO{h@diAoz@nhBWbP`GfCr|Ajp@dyCnj@ckDzvHg^fx@{d@tbA_RbYgMrRoTnWsa@n[zCxCvv@n|@~L}KvwAq~AtKsQ|W{d@n]wm@d|@c~AXi@zKsK`wCevBlByA~f@c^tDmClfAiw@juAqaAnCsH`h@mdAnDeEjAo@fQaa@tYkl@jN_YbX}e@bAgB|f@c|@dIfBbR{CxjBmQdUwBzVrvApm@_G`F`YxtAdsAngCqqAkkEepEr}Lc}DhKuQzvAadCsqInx@ep@idDuFkf@pOgO|YmVfc@sYaa@yJcc@kNke@oQcm@iYog@e\_wA_fAp|Bk~B`b@}]|X}Udk@sh@pUaQd\}OfE_B~WsOxoAicAjnBa`BsQoGqCaCob@gXm`Ai_@wi@}S_o@op@afAqgA_{Ae}AyFz@}\jN{Mvj@sp@vZ{o@|@{_CrhEar@boAkq@`bA,<div><strong>Te Rapa South</strong><br><span>Type: SA2</span><br><span>Territorial authority: Hamilton City</span><br><span>Road length: 30.1 km</span><br><span>Road density: 6.29 km/km2</span><br><span>Area: 4.8 km2</span></div>
sa2_176500,polygon,176500,Saint Andrews East,SA2,Hamilton City,1594183.81,1.59418381,8.707721222044137,5.462181441953131,63,175.2605695165742,-37.751986456967,50,#2f3437cc,5.462181441953131,410,@EAB{nchmIzn}~fA}q@t[uw@rc@ko@|o@i[p`@wKhQaJhQwI|SyJjZuK`d@iHxi@wB~b@Gnv@r@`Q`BpOhDlPbDxK`NzYzShZlMxNfNxM`wArlAlQ|RzLxRxH|Px]FrFh@~\NbDtC|WvD`F~A`f@h_@zDfBvF|@hDsGlLoKv|A|hAx|AayAxi@uf@nCyCzaAq{@hZ}XzPcSzT}ZtF{KtCeJ~JkYtLi^rF_K|C{Dfm@{u@aqAem@ys@}\aOkFsj@gPj[ujAvVk_AbCeJ~CeBdWqN~`@cUbPkJn\eRVQne@gX`Ag@rJk@hyCnDv`AhAvBwsAfBop@`AaY\qTysEecAkgA{`@cr@__@og@qWgKjG_SlQaE`H_NnQ}O|LeKvEaHlDaWvHmi@rJ}T~Icv@~b@ioBpkAiv@pc@{p@nd@aUvL,<div><strong>Saint Andrews East</strong><br><span>Type: SA2</span><br><span>Territorial authority: Hamilton City</span><br><span>Road length: 8.7 km</span><br><span>Road density: 5.46 km/km2</span><br><span>Area: 1.6 km2</span></div>
sa2_175201,polygon,175201,Te Rapa North,SA2,Hamilton City,8380652.74,8.380652739999999,36.679534008531874,4.376691786006621,64,175.22085956198902,-37.72926524088745,50,#2f3437cc,4.376691786006621,328,@EABygofmIlf}}fA_LvX{K`_@zmB}q@~v@ri@|aBfrArj@vc@vgB~vAquB`mCouAteByBvC|r@b}@~zAd}A`fApgA~n@np@vi@|Sl`Ah_@nb@fXpC`CrQnGknB``ByoAhcA_XrOgE~Ae\|OqU`Qek@rh@}X|Uab@|]q|Bj~B~vA~eAng@d\bm@hYje@nQbc@jN`a@xJgc@rY}YlVqOfOtFjf@dp@hdDrqIox@|@I~{CqkFr}BwnCsF{\yL}YdE_Cfb@qVjl@qa@p^gZhSoRfi@on@tUoZ~Qe^zp@ilAzG_N|Yur@v{A{nGntAotEddAwkDx`AkcDbhB_|GtVe_ApQsbAjLqw@|@qd@OceAeCsgAuo@kaCeZmFnPsj@gBkJuNmx@y@abA`Je`AlbA_kEYwoGkiFkcQePhGqc@pSep@nb@sb@|VamBbbAk]tToSnPeL~OwFfQkBrNeBl[qEjd@}KpvAeU|{AmLd`AgAtBg@xJuRfeAiJn|@u@vNaLtq@kEvPgKlXg]pp@yMv[uGjLsTzW??eaA~mAqRnYsGhMaXrb@sHzN{Wzr@kItQ_Uhc@aPdWgKrKyNvJmOpH}YrL}m@|ZYNgUnLuQtL_v@jt@{MxJoZzQe`@lWoNbMmAvCgGtDoCvCuLtOgZ|h@_Q~Lsb@tn@ktAlwAi_@jc@a]dh@sKhR}MjZ{IxM}NtNmmAfbA_ZhYiTzVcSfYoOhY,<div><strong>Te Rapa North</strong><br><span>Type: SA2</span><br><span>Territorial authority: Hamilton City</span><br><span>Road length: 36.7 km</span><br><span>Road density: 4.38 km/km2</span><br><span>Area: 8.4 km2</span></div>
sa2_179202,polygon,179202,Ruakura,SA2,Hamilton City,6980675.29,6.980675290000001,19.853839070768068,2.844114393805025,65,175.31948919487215,-37.779424432163495,50,#2f3437cc,2.844114393805025,213,@EABa_plmI~tu`gA}mBrzKiKhb@k_@xbAonArlBigAx}@lPtKmm@`~@ypAxgA_VdOyIlF{`@qWmAbA}dE|jD`HFnOhCpIfGdEzD~EjMZhFlGfDxAnB|ChI~DhDzHrBxAhDdMfLxPdDhL~DrKxGbGrInBdAdD^`[p@lOdGpDpDhDvINhDi@xHd@rDlCpCnH|ChCc@zRKzS_HrEe@zVdB`J{CxJiA|Hr@vNnIzLpAzEeA|SiJlTeEvALxB|AqAjDwDpDExAxDbArBYbH{DpQ_HbN}BpDdAjFZjGnB~JxLzBjA|HnA|GVtAYrRrFtJf@xFcCnHOpEeBnGI|Gd@vOzKfC~FhBdMrHjLpEtDbOnHrChNzDbFlCjAfFx@|\DtbAkg@lEmPxHyUsOwLoGgNiGqF_HuCqCmBaCeTsAyBDcRrAgCbGcFt@yCYyCqBiA]y@VkUlEmJ~DgFzBy@fF\hHWzAbDzCjC~ChB~EnAvCBzB{A~H?`BkAIgImBwO_@mJ?kF|AyOIgDmGgDaD}@eFc@}HwLoGsEyEaCsJcDqEiDgESWuAoEwHwBw@iFgHcE{DMyEt@_BzDeCzEk@~EsCrM_CnEmCpAwCD[z@iCdEaE|AoC~EiLdEkCdBqB@{Ae@aAgE_F_@gF{@qBiFuD_M|AeSh@_MgIq@}A\kCgDyFwJ{FcBwB?_AdBgCLmD~DuALc@mAsLsGiFkCaAaDuE{B_AyKmAcCw@gSaTg@yCbB}FPuDkAaIw@{@wHcCsHx@eBQ}AuBcFyAu@cA`@gA]yAaEw@g@{CuBAgBeCF_Bw@m@_@uCfD_IP}ArFsAvBeHhCJ|F{ApLyAf@o@RkCzJyBjCcEzIEnEyEtD_AzAoC`BiAGsC`AaAbCQA}GsDkEhDcC`@qCtCoEAgAgBwEz@yCe@sDpGcApFiE~Ci@|BaEN_@by@vb@rHkGdqFnoC`tD|jBpFv@~]u]xrBrvAlS}Nz}@rn@fu@s[kMcv@lRgErCo@hk@gM`SmEhVoFnEcAtq@`bB`{@qIp[y`@hz@lJdnC}f@fn@_Lf}A_Y`H_@oDmGkmAqtB_IaNaqAyyBu_@_p@qz@sxA}R}YdZ}IhLiDfoEa|@jZ_GnRfA`pCbP~fFnWpRdAh]odDtJwy@tBJzm@akB`AsD{c@aI~z@ieCva@ohA`F_NxUms@pXc{@`FgOhYa{@nHsSqn@kLi|Cqi@gaCgb@{gAwRg~Ccj@n\maAtCsIxLa^aoRcsDu_ItgE}e@hY_sBjbAcf@bZy|DdeE_OdSeMd_@s`AxpBmmAnxBqu@`lC,<div><strong>Ruakura</strong><br><span>Type: SA2</span><br><span>Territorial authority: Hamilton City</span><br><span>Road length: 19.9 km</span><br><span>Road density: 2.84 km/km2</span><br><span>Area: 7.0 km2</span></div>
sa2_178600,polygon,178600,Temple View,SA2,Hamilton City,4373067.56,4.37306756,11.824084612937478,2.7038422001734355,66,175.21923304899906,-37.8173240745064,50,#2f3437cc,2.7038422001734355,203,@EABq~ofmI`dhbgA~Gxp@sPtCix@dNlAhr@iq@`r@ajDocBi]dv@sc@naAoDzDb{@~q@lgPrjNbs@nr@r_@tU`nDt{Ab`@bYwnEtv@miEju@dw@b_DlcAwZ|bCbfErxBf@~V|yAvt@tkEn@G|SrnAx@nIl@vXl@v_AxpMpCtQKzSCxjArA`yGrBzGovLdDasGhFBdCibDvDwtFqsAOi{IcA_YikA}Zi^kb@emA{dAoo@qlC_bAydIe{Ci_@oY{CkEqa@}y@ogCopCwHqHch@eToWjWmUoJut@}w@gC[k}AxNdA|P,<div><strong>Temple View</strong><br><span>Type: SA2</span><br><span>Territorial authority: Hamilton City</span><br><span>Road length: 11.8 km</span><br><span>Road density: 2.70 km/km2</span><br><span>Area: 4.4 km2</span></div>
sa2_181301,polygon,181301,Peacocke,SA2,Hamilton City,6932856.65,6.932856650000001,17.859538565688744,2.5760720965849977,67,175.3160657182301,-37.8252801324731,50,#2f3437cc,2.5760720965849977,193,@EAB_qokmI~trbgAk[Ja[yAc|@eJwi@oB}MD}C`@aEO{Cv@yLn@}C]iGfAiHRoFbAgFPkBr@cCDQ^iACWZ}CXaDnAg@Ss@r@uJ~ByUhLeMrIo_@x]qOfPmF|I\DqEvMyCtSc@tTTnZp@`IrM~d@pE~XdBn]Qng@mB`\cGx_@oKv^wMfZkXjf@k_@|j@em@`z@gSdUoP~M_OzJ{f@xXqz@vc@cWrOa]~V}EzDyAtEaHbEqI|HeNvQkTzZiP~ZyRbi@cGjTDdB_A~AkAzISxJNtJp@xFlDzQbGnTjHpUvNd^bHnB}ApEdJrPdVj\tK~JdKzRfJ`M~JlJtLrHbPjHzk@zSjO|GzFxFjU}GdZeKnt@`dA`fAdbApUxfAvdFhfEt`An]lqGj_CztAliB`pBdkCnrC|wB`v@~eF`@bG\jEhZuBtf@hI|GrAflAqzDKcHrB^EuBsB_@{BksApHgi@hY_`@nyBw~AlBs@rm@sy@|Al@zm@k|@aBo@jK}N~An@fJmM_Bo@ng@es@`dDksEfBb@xI{LiBe@vd@_fDjRwtAoGg@fLwc@nAcL~AcE`GqJpB{@jHyF~GmIvSoOwLaXw^bGgx@~JimAgBkeDi^{wAz@fVouA~SqlAsNaXiiCzo@{u@rPmHwNkXCeAqh@{NkP}}@mz@cDwDmMdJc~BggBjFqLhFmI~MmIrMwD~L}EfFsDhCkDrEyMrEuHvEsEbTjP~eCg~A|_BmcA`u@ee@b`@kp@|o@ec@wa@o[x_@ud@ajFoxC~@yCyJuFhJ{Y`Hw@jFeAngAigCzF}OeX}Ieg@cQiQcDsYaBefAuAqYmC_]{Gch@gOo`@cPk_@cRcr@q`@qTsKiZ{IsUeEySeBaN[gM?gX`BaUjCuLfCiKbD{OvH_SrNmO`O}KnPqNj`@aCdEgGbOoOzWeIpI{IhHoHvDcTzGyRrFkKnB_KtAwPjA,<div><strong>Peacocke</strong><br><span>Type: SA2</span><br><span>Territorial authority: Hamilton City</span><br><span>Road length: 17.9 km</span><br><span>Road density: 2.58 km/km2</span><br><span>Area: 6.9 km2</span></div>
sa2_175401,polygon,175401,Burbush-Baverstock,SA2,Hamilton City,7100909.47,7.100909470000001,17.48467905723693,2.4623154443957342,68,175.21215404672142,-37.75464103191555,50,#2f3437cc,2.4623154443957342,185,@EAByzaemIpmj~fAotAntEw{AznG}Ytr@{G~M{p@hlA_Rd^uUnZgi@nn@iSnRq^fZkl@pa@gb@pVeE~BxL|YrFz\s}BvnC_|CpkF}@H{vA`dCiKtQs}Lb}DjkEdpEogCpqApb@la@nAo@pcArdA{[`QcEv@`_A|_A~FhHjYlKx_D|jA|a@jOjt@f_@ppCzvA~hEhu@dMqUj`@aT~_@iTp\qnAq\qlCj_@gcC_b@aqC_CyO`jCbIp|BivAtEuBzo@zpAh_HlgDdGiAxqCuZsJySfq@{JpQyV|L|Cn}@crAiC}j@pMtAsXcYz|BooBgZgw@cmLkr@{NmK~MuFjk@ojBht@_`Ada@y{@nHyRrb@iaA`l@ke@ny@i\pR}E`oAqbA|HcKpA_MzAsp@hAyR~ZqCfpDtR~SJrHmJlWu`@jZqP|UwiB~zByUzaFgWdeB{@nMmMmaAglBvd@crCp`Bop@jgAmMn_Aez@`~Bsb@tz@eRgxDgv@ez@JyqKvKcU_GowCinAgWqFugCgX{lC_Qa`@yAyIOwJ\ip@dGegB`V_S{{DuMmn@qYcu@}eEw`Ey`AjcDedAvkD,<div><strong>Burbush-Baverstock</strong><br><span>Type: SA2</span><br><span>Territorial authority: Hamilton City</span><br><span>Road length: 17.5 km</span><br><span>Road density: 2.46 km/km2</span><br><span>Area: 7.1 km2</span></div>
