place_feature_id,road_surface,road_length_km,place_area_km2,road_density_km_per_km2
181301,metalled,0.7359397126946385,6.932856650000001,0.10615244910546917
181301,sealed,13.249770425912127,6.932856650000001,1.911155977227962
181301,unmetalled,3.87382842708198,6.932856650000001,0.5587636702515665
181200,metalled,0.2775195292768302,1.7394653800000002,0.15954300238894675
181200,sealed,11.521900032433598,1.7394653800000002,6.623816814585638
181200,unmetalled,0.16287110362783067,1.7394653800000002,0.09363285150741583
181101,metalled,0.12525326707717563,1.4894465699999997,0.08409383028568501
181101,sealed,12.375154111452293,1.4894465699999997,8.30855860203988
181101,unmetalled,0.0,1.4894465699999997,0.0
181000,metalled,0.0,1.12136603,0.0
181000,sealed,9.796033227348211,1.12136603,8.735803444436614
181000,unmetalled,0.0,1.12136603,0.0
180900,metalled,0.0,0.8946026300000001,0.0
180900,sealed,6.384362653338932,0.8946026300000001,7.1365346347561385
180900,unmetalled,0.0,0.8946026300000001,0.0
180800,metalled,0.0,0.8022218299999999,0.0
180800,sealed,6.877848165994661,0.8022218299999999,8.573499135513005
180800,unmetalled,0.0,0.8022218299999999,0.0
180700,metalled,0.0,1.01716801,0.0
180700,sealed,8.134460931994305,1.01716801,7.9971655144702245
180700,unmetalled,0.0,1.01716801,0.0
180601,metalled,0.0,0.8900317,0.0
180601,sealed,8.453584746453368,0.8900317,9.498071525377544
180601,unmetalled,0.09211879818440678,0.8900317,0.10350058114155573
180500,metalled,0.0,1.0960052,0.0
180500,sealed,8.485363527109026,1.0960052,7.742083273974454
180500,unmetalled,0.0,1.0960052,0.0
180400,metalled,0.0,0.67020491,0.0
180400,sealed,6.196390167019658,0.67020491,9.245515922913274
180400,unmetalled,0.0,0.67020491,0.0
180300,metalled,0.273558177322226,0.98998375,0.27632592688741203
180300,sealed,7.216843303762717,0.98998375,7.2898603676703955
180300,unmetalled,0.0,0.98998375,0.0
180200,metalled,0.0,2.22122213,0.0
180200,sealed,17.08881487698035,2.22122213,7.693429056994111
180200,unmetalled,1.0976208144395085,2.22122213,0.4941517552949594
180100,metalled,0.0,0.68833492,0.0
180100,sealed,5.619973322378962,0.68833492,8.164591333502246
180100,unmetalled,0.0,0.68833492,0.0
180000,metalled,0.0,0.7335844599999999,0.0
180000,sealed,7.438945644587476,0.7335844599999999,10.14054420480428
180000,unmetalled,0.0,0.7335844599999999,0.0
179901,metalled,0.0,0.44688317,0.0
179901,sealed,4.780245449905234,0.44688317,10.696857189554114
179901,unmetalled,0.0,0.44688317,0.0
179801,metalled,0.0,0.39945882,0.0
179801,sealed,3.7415017172673686,0.39945882,9.366426600036942
179801,unmetalled,0.0,0.39945882,0.0
179700,metalled,0.0,1.32122464,0.0
179700,sealed,8.990514673086917,1.32122464,6.80468286837802
179700,unmetalled,0.0,1.32122464,0.0
179600,metalled,0.0,1.43571286,0.0
179600,sealed,13.452743849677695,1.43571286,9.370079647874503
179600,unmetalled,0.0,1.43571286,0.0
179502,metalled,0.0,1.46724421,0.0
179502,sealed,9.231056034717321,1.46724421,6.291424407609229
179502,unmetalled,0.0,1.46724421,0.0
179501,metalled,0.0,1.54096831,0.0
179501,sealed,10.103576932374315,1.54096831,6.556641604378169
179501,unmetalled,0.0,1.54096831,0.0
179401,metalled,0.0,1.02284806,0.0
179401,sealed,10.404098067967693,1.02284806,10.171694579904363
179401,unmetalled,0.0,1.02284806,0.0
179300,metalled,0.0,1.3830542099999998,0.0
179300,sealed,11.993959498157096,1.3830542099999998,8.672081984521126
179300,unmetalled,0.0,1.3830542099999998,0.0
179202,metalled,0.0,6.980675290000001,0.0
179202,sealed,14.676440818991619,6.980675290000001,2.1024385477456606
179202,unmetalled,5.177398251776447,6.980675290000001,0.7416758460593641
179201,metalled,0.59138353706814,2.04395156,0.28933344049902043
179201,sealed,15.250002785499861,2.04395156,7.4610392359297695
179201,unmetalled,0.00875216671377772,2.04395156,0.004281983431044579
179100,metalled,0.0,0.7657546300000001,0.0
179100,sealed,6.954224974491391,0.7657546300000001,9.081531736205617
179100,unmetalled,0.0,0.7657546300000001,0.0
179001,metalled,0.0,0.55573211,0.0
179001,sealed,5.4586463705022625,0.55573211,9.822441914508525
179001,unmetalled,0.0,0.55573211,0.0
178901,metalled,0.0,3.51651441,0.0
178901,sealed,25.794318845356255,3.51651441,7.335194979438817
178901,unmetalled,0.0,3.51651441,0.0
178800,metalled,0.0,0.97755455,0.0
178800,sealed,10.327981731191896,0.97755455,10.565120617761838
178800,unmetalled,0.0,0.97755455,0.0
178701,metalled,0.0,0.7300809599999998,0.0
178701,sealed,7.90981861381483,0.7300809599999998,10.834166410551004
178701,unmetalled,0.0,0.7300809599999998,0.0
178600,metalled,0.40414232469250155,4.37306756,0.0924162087933765
178600,sealed,10.312559389435323,4.37306756,2.3581980492968473
178600,unmetalled,1.1073828988096528,4.37306756,0.2532279420832119
178500,metalled,0.0,1.1226970500000002,0.0
178500,sealed,13.494248899594663,1.1226970500000002,12.019492613430009
178500,unmetalled,0.0,1.1226970500000002,0.0
178400,metalled,0.0,0.6952362100000001,0.0
178400,sealed,7.842026588218251,0.6952362100000001,11.279657870838243
178400,unmetalled,0.0,0.6952362100000001,0.0
178301,metalled,0.0,0.7675529400000001,0.0
178301,sealed,5.15443274983284,0.7675529400000001,6.715410079509095
178301,unmetalled,0.0,0.7675529400000001,0.0
178202,metalled,0.0,0.66056354,0.0
178202,sealed,6.6421573583282205,0.66056354,10.05528909198988
178202,unmetalled,0.0,0.66056354,0.0
178201,metalled,0.0,0.73856153,0.0
178201,sealed,6.343816690695873,0.73856153,8.58942204950192
178201,unmetalled,0.0,0.73856153,0.0
178100,metalled,0.0,1.56104002,0.0
178100,sealed,14.99867626818382,1.56104002,9.608130525816897
178100,unmetalled,0.13458989066052737,1.56104002,0.08621809110347303
178000,metalled,0.0,1.27988267,0.0
178000,sealed,13.936004945186664,1.27988267,10.888501947750152
178000,unmetalled,0.0,1.27988267,0.0
177901,metalled,0.0,1.28602904,0.0
177901,sealed,11.119843853001825,1.28602904,8.646650664281909
177901,unmetalled,0.0,1.28602904,0.0
177800,metalled,0.0,1.2338954099999997,0.0
177800,sealed,9.46091579922896,1.2338954099999997,7.667518431913903
177800,unmetalled,0.0,1.2338954099999997,0.0
177700,metalled,0.0,2.07883686,0.0
177700,sealed,13.679529986558183,2.07883686,6.580376868321539
177700,unmetalled,0.0,2.07883686,0.0
177600,metalled,0.0,1.0201244500000002,0.0
177600,sealed,7.540846069827684,1.0201244500000002,7.392084436195685
177600,unmetalled,0.0,1.0201244500000002,0.0
177500,metalled,0.0,0.8765565699999999,0.0
177500,sealed,7.053891449958191,0.8765565699999999,8.047274632780622
177500,unmetalled,0.0,0.8765565699999999,0.0
177400,metalled,0.3484820238475686,1.22810027,0.28375698007750505
177400,sealed,8.850519898293697,1.22810027,7.206675313485353
177400,unmetalled,0.0,1.22810027,0.0
177300,metalled,0.0,0.8967823300000001,0.0
177300,sealed,8.959241238987865,0.8967823300000001,9.990430162677116
177300,unmetalled,0.0,0.8967823300000001,0.0
177200,metalled,0.0,1.3185093400000003,0.0
177200,sealed,11.780592891452212,1.3185093400000003,8.934781524909189
177200,unmetalled,0.0,1.3185093400000003,0.0
177100,metalled,0.0,1.09006111,0.0
177100,sealed,11.288239355256065,1.09006111,10.355602315961962
177100,unmetalled,0.0,1.09006111,0.0
177000,metalled,0.0,1.07152117,0.0
177000,sealed,10.738366146953334,1.07152117,10.021608949595773
177000,unmetalled,0.0,1.07152117,0.0
176900,metalled,0.0,1.26341779,0.0
176900,sealed,11.91133455518344,1.26341779,9.427866735344482
176900,unmetalled,0.0,1.26341779,0.0
176800,metalled,0.0,0.86398333,0.0
176800,sealed,7.74704672061597,0.86398333,8.966662262587832
176800,unmetalled,0.0,0.86398333,0.0
176700,metalled,0.0,0.7339269300000001,0.0
176700,sealed,7.61693407536768,0.7339269300000001,10.37832754735908
176700,unmetalled,0.0,0.7339269300000001,0.0
176600,metalled,0.0,1.48944942,0.0
176600,sealed,10.742197052181908,1.48944942,7.212193249356469
176600,unmetalled,0.0,1.48944942,0.0
176500,metalled,0.0,1.59418381,0.0
176500,sealed,8.707721222044137,1.59418381,5.462181441953131
176500,unmetalled,0.0,1.59418381,0.0
176400,metalled,0.0,1.00595244,0.0
176400,sealed,10.915076820194598,1.00595244,10.850489929916169
176400,unmetalled,0.0,1.00595244,0.0
176301,metalled,0.0,4.77884659,0.0
176301,sealed,30.056015478581518,4.77884659,6.289386970796549
176301,unmetalled,0.0,4.77884659,0.0
176202,metalled,0.0,0.88396015,0.0
176202,sealed,9.684238271225746,0.88396015,10.955514534479576
176202,unmetalled,0.0,0.88396015,0.0
176201,metalled,0.0,1.09371248,0.0
176201,sealed,10.542509991372537,1.09371248,9.639196940838177
176201,unmetalled,0.0,1.09371248,0.0
176101,metalled,0.15123480493898972,1.40794464,0.10741530642780793
176101,sealed,16.247396312760184,1.40794464,11.53979769599477
176101,unmetalled,0.04499266288583932,1.40794464,0.031956272716688154
176000,metalled,0.0,1.09134429,0.0
176000,sealed,9.953993704939657,1.09134429,9.12085562379188
176000,unmetalled,0.0,1.09134429,0.0
175902,metalled,0.0,0.75156296,0.0
175902,sealed,8.33907198216155,0.75156296,11.095639921054053
175902,unmetalled,0.0,0.75156296,0.0
175901,metalled,0.0,0.8380901399999999,0.0
175901,sealed,10.999927787879622,0.8380901399999999,13.124993676550858
175901,unmetalled,0.0,0.8380901399999999,0.0
175801,metalled,0.04922611610585785,1.8204780100000004,0.027040214622453936
175801,sealed,17.24035804247724,1.8204780100000004,9.470236909083695
175801,unmetalled,0.0,1.8204780100000004,0.0
175700,metalled,0.0,0.8397192299999999,0.0
175700,sealed,8.255759339970178,0.8397192299999999,9.831571131186525
175700,unmetalled,0.0,0.8397192299999999,0.0
175601,metalled,0.0027253774884014614,2.4362315800000003,0.0011186857237937377
175601,sealed,15.393595613111046,2.4362315800000003,6.318609338899976
175601,unmetalled,0.0,2.4362315800000003,0.0
175501,metalled,0.0,1.54738272,0.0
175501,sealed,13.308764896934182,1.54738272,8.600823005787593
175501,unmetalled,0.0,1.54738272,0.0
175401,metalled,0.11110090568090615,7.100909470000001,0.015646010718808126
175401,sealed,17.05301675862732,7.100909470000001,2.401525724369968
175401,unmetalled,0.3205613929287076,7.100909470000001,0.04514370930695833
175302,metalled,0.0,0.90113813,0.0
175302,sealed,11.110709092635501,0.90113813,12.329640398898114
175302,unmetalled,0.0,0.90113813,0.0
175301,metalled,0.0,0.94064252,0.0
175301,sealed,9.679205022419254,0.94064252,10.289993080920107
175301,unmetalled,0.0,0.94064252,0.0
175201,metalled,0.6688069860038004,8.380652739999999,0.0798036867476507
175201,sealed,36.01072702252807,8.380652739999999,4.29688809925897
175201,unmetalled,0.0,8.380652739999999,0.0
