geometry_id,sa2_code,sa2_name,center_lat,center_lon,land_area_sq_km,area_sq_km,has_geometry
sa2_175201,175201,Te Rapa North,-37.730733787542825,175.21943573839124,8.380652739999999,8.380652739999999,True
sa2_175301,175301,Flagstaff North West,-37.72098999685513,175.23642993881762,0.94064252,0.94064252,True
sa2_175302,175302,Flagstaff North East,-37.72195960199068,175.24753794281298,0.90113813,0.90113813,True
sa2_175401,175401,Burbush-Baverstock,-37.75541545183194,175.2113992860238,7.100909470000001,7.100909470000001,True
sa2_175501,175501,Flagstaff South,-37.72965115507405,175.23987935415855,1.54738272,1.54738272,True
sa2_175601,175601,Rototuna North,-37.71693650743849,175.26425230716092,2.4362315800000003,2.4362315800000003,True
sa2_175700,175700,Pukete West,-37.7394204097837,175.23527032865633,0.8397192299999999,0.8397192299999999,True
sa2_175801,175801,Flagstaff East,-37.73414088659899,175.2537018138003,1.8204780100000004,1.8204780100000004,True
sa2_175901,175901,Rototuna West,-37.72718185885173,175.2620613631393,0.8380901399999999,0.8380901399999999,True
sa2_175902,175902,Rototuna East,-37.72445040470838,175.2706207927822,0.75156296,0.75156296,True
sa2_176000,176000,Pukete East,-37.74160975614579,175.2444182074411,1.09134429,1.09134429,True
sa2_176101,176101,Te Manatu,-37.72632025464198,175.28151309120796,1.40794464,1.40794464,True
sa2_176201,176201,Rototuna South West,-37.73791063095764,175.26700244562204,1.09371248,1.09371248,True
sa2_176202,176202,Rototuna South East,-37.7347319572715,175.27359102128187,0.88396015,0.88396015,True
sa2_176301,176301,Te Rapa South,-37.75883079239065,175.23971391369508,4.77884659,4.77884659,True
sa2_176400,176400,Saint Andrews West,-37.7531064590833,175.25025438907994,1.00595244,1.00595244,True
sa2_176500,176500,Saint Andrews East,-37.75171614583245,175.2581129222292,1.59418381,1.59418381,True
sa2_176600,176600,Queenwood (Hamilton City),-37.74645757410715,175.26616289693013,1.48944942,1.48944942,True
sa2_176700,176700,St James,-37.735722875932,175.28384916588405,0.7339269300000001,0.7339269300000001,True
sa2_176800,176800,Crawshaw,-37.77209971912111,175.23499752011205,0.86398333,0.86398333,True
sa2_176900,176900,Huntington,-37.74374420259362,175.28372421206367,1.26341779,1.26341779,True
sa2_177000,177000,Western Heights (Hamilton City),-37.78528581595473,175.22663966802807,1.07152117,1.07152117,True
sa2_177100,177100,Nawton West,-37.781306887219095,175.23140665409989,1.09006111,1.09006111,True
sa2_177200,177200,Nawton East,-37.77962010539774,175.24017006118234,1.3185093400000003,1.3185093400000003,True
sa2_177300,177300,Chartwell,-37.75401118297503,175.27716939667835,0.8967823300000001,0.8967823300000001,True
sa2_177400,177400,Forest Lake (Hamilton City),-37.77134225585809,175.25290896545297,1.22810027,1.22810027,True
sa2_177500,177500,Chedworth,-37.75074670186082,175.28494669501077,0.8765565699999999,0.8765565699999999,True
sa2_177600,177600,Beerescourt,-37.76630595808111,175.2623521694297,1.0201244500000002,1.0201244500000002,True
sa2_177700,177700,Miropiko,-37.76464732463744,175.27156156051234,2.07883686,2.07883686,True
sa2_177800,177800,Porritt,-37.75879233002632,175.28637996489437,1.2338954099999997,1.2338954099999997,True
sa2_177901,177901,Dinsdale North,-37.78870884195147,175.24426430908093,1.28602904,1.28602904,True
sa2_178000,178000,Maeroa,-37.77834857089125,175.26028849396485,1.27988267,1.27988267,True
sa2_178100,178100,Dinsdale South,-37.79839006688951,175.2393146050042,1.56104002,1.56104002,True
sa2_178201,178201,Fairfield North (Hamilton City),-37.76679565889904,175.28234610662437,0.73856153,0.73856153,True
sa2_178202,178202,Fairfield South (Hamilton City),-37.7712378403082,175.28602774314282,0.66056354,0.66056354,True
sa2_178301,178301,Whitiora,-37.777221001369945,175.26900516759136,0.7675529400000001,0.7675529400000001,True
sa2_178400,178400,Enderley North,-37.76256205244462,175.29423495483357,0.6952362100000001,0.6952362100000001,True
sa2_178500,178500,Fairview Downs,-37.76127567330443,175.30317362472283,1.1226970500000002,1.1226970500000002,True
sa2_178600,178600,Temple View,-37.81855261813461,175.22345632140684,4.37306756,4.37306756,True
sa2_178701,178701,Swarbrick,-37.79240620393337,175.25277565336296,0.7300809599999998,0.7300809599999998,True
sa2_178800,178800,Kahikatea,-37.7997674039857,175.25214469589284,0.97755455,0.97755455,True
sa2_178901,178901,Frankton Junction,-37.79592696152542,175.26300437719928,3.51651441,3.51651441,True
sa2_179001,179001,Kirikiriroa,-37.78104233118879,175.27616726213907,0.55573211,0.55573211,True
sa2_179100,179100,Enderley South,-37.7700602257614,175.29653860901306,0.7657546300000001,0.7657546300000001,True
sa2_179201,179201,Greenhill Park,-37.753763393822005,175.30543617140407,2.04395156,2.04395156,True
sa2_179202,179202,Ruakura,-37.77785711805331,175.32118550208628,6.980675290000001,6.980675290000001,True
sa2_179300,179300,Claudelands,-37.77969482609143,175.2879175015278,1.3830542099999998,1.3830542099999998,True
sa2_179401,179401,Hamilton Central,-37.78937741033796,175.28276636339749,1.02284806,1.02284806,True
sa2_179501,179501,Hamilton Lake North,-37.794736982320806,175.27422958426394,0.97736926,1.54096831,True
sa2_179502,179502,Hamilton Lake South,-37.803065450668925,175.2764442885721,1.46724421,1.46724421,True
sa2_179600,179600,Peachgrove,-37.78010349937266,175.3007564353992,1.43571286,1.43571286,True
sa2_179700,179700,Hamilton East Village,-37.79028168041858,175.29324652550554,1.32122464,1.32122464,True
sa2_179801,179801,Hamilton West,-37.7968513709746,175.285748224969,0.39945882,0.39945882,True
sa2_179901,179901,Greensboro,-37.78565039177126,175.3100917546465,0.44688317,0.44688317,True
sa2_180000,180000,Hamilton East Cook,-37.791352553138,175.30343133741732,0.7335844599999999,0.7335844599999999,True
sa2_180100,180100,Melville North,-37.81016433379707,175.27963706366566,0.68833492,0.68833492,True
sa2_180200,180200,Hamilton East,-37.80128047699723,175.3007634124884,2.22122213,2.22122213,True
sa2_180300,180300,Melville South,-37.81527531387432,175.27817492307554,0.98998375,0.98998375,True
sa2_180400,180400,Deanwell,-37.82034080618865,175.2741916546344,0.67020491,0.67020491,True
sa2_180500,180500,Bader,-37.80931576819681,175.29244054606363,1.0960052,1.0960052,True
sa2_180601,180601,Hillcrest West (Hamilton City),-37.79533366314449,175.3132347697218,0.8900317,0.8900317,True
sa2_180700,180700,Hillcrest East (Hamilton City),-37.7961051342553,175.3216712243885,1.01716801,1.01716801,True
sa2_180800,180800,Silverdale (Hamilton City),-37.79128986649212,175.32912390664603,0.8022218299999999,0.8022218299999999,True
sa2_180900,180900,Glenview,-37.81914876006494,175.2905483502504,0.8946026300000001,0.8946026300000001,True
sa2_181000,181000,Resthill,-37.82572526590094,175.2873740807168,1.12136603,1.12136603,True
sa2_181101,181101,Fitzroy (Hamilton City),-37.81785447884041,175.30086295024012,1.4894465699999997,1.4894465699999997,True
sa2_181200,181200,Riverlea,-37.80516291834676,175.3249033775805,1.7394653800000002,1.7394653800000002,True
sa2_181301,181301,Peacocke,-37.82349960190359,175.3129919779678,6.932856650000001,6.932856650000001,True
