geometry_id,layer_type,site_ref,object_id,region,state_highway,reference_station,reference_position_km,description,lane,monitoring_type,site_type,equipment_current,accepted_days,percent_heavy,aadt_5_years_ago,aadt_4_years_ago,aadt_3_years_ago,aadt_2_years_ago,aadt_1_year_ago,latest_aadt,latest_aadt_rank,aadt_change_5yr_percent,latitude,longitude,point_radius_m,point_fill_color_value,point_line_color_value,point_fill_color_hex,point_line_color_hex,point_line_width_m,tooltip_html
nzta_tms_site_01c00552,point,01C00552,686,03 - Waikato,SH 1C,552,2.173,145m West of railway crossing Kahikatea Dr,Both,Non-Continuous,Regional Non-Continuous,Single Loop,28,6.8,,31073,27562,26052,31534,31534,1,,-37.8062527,175.2640877,564,31534,31534,#feb77fcc,#feb77fff,20,"<div><strong>145m West of railway crossing Kahikatea Dr</strong><br><span>Site ref: 01C00552</span><br><span>Region: 03 - Waikato</span><br><span>State highway: SH 1C</span><br><span>Site type: Regional Non-Continuous</span><br><span>Latest AADT: 31,534</span><br><span>Heavy vehicles: 6.8%</span></div>"
nzta_tms_site_01c00555,point,01C00555,688,03 - Waikato,SH 1C,554,0.64,50m East of Cobham Dr Bridge,Both,Non-Continuous,Regional Non-Continuous,Single Loop,21,4.4,33341,29039,30465,29452,30234,30234,2,-9.3,-37.8048682,175.2954556,561,30234,30234,#feb47dcc,#feb47dff,20,"<div><strong>50m East of Cobham Dr Bridge</strong><br><span>Site ref: 01C00555</span><br><span>Region: 03 - Waikato</span><br><span>State highway: SH 1C</span><br><span>Site type: Regional Non-Continuous</span><br><span>Latest AADT: 30,234</span><br><span>Heavy vehicles: 4.4%</span></div>"
nzta_tms_site_01c90552,point,01C90552,710,03 - Waikato,SH 1C,552,1.4,GREENWOOD - Telemetry Site 97,Ramp,National,Telemetry,Telemetry,337,5.4,25517,25753,25833,24136,23860,23860,3,-6.5,-37.801491,175.2602297,544,23860,23860,#fea572cc,#fea572ff,20,"<div><strong>GREENWOOD - Telemetry Site 97</strong><br><span>Site ref: 01C90552</span><br><span>Region: 03 - Waikato</span><br><span>State highway: SH 1C</span><br><span>Site type: Telemetry</span><br><span>Latest AADT: 23,860</span><br><span>Heavy vehicles: 5.4%</span></div>"
nzta_tms_site_01c00549,point,01C00549,683,03 - Waikato,SH 1C,540,8.94,410m Nth of Rifle Range Rd / Avalon Drive RAB,Both,Non-Continuous,Regional Non-Continuous,Dual Loop,14,5.4,26298,35893,22144,34779,23420,23420,4,-10.9,-37.7795888,175.2499689,542,23420,23420,#fea471cc,#fea471ff,20,"<div><strong>410m Nth of Rifle Range Rd / Avalon Drive RAB</strong><br><span>Site ref: 01C00549</span><br><span>Region: 03 - Waikato</span><br><span>State highway: SH 1C</span><br><span>Site type: Regional Non-Continuous</span><br><span>Latest AADT: 23,420</span><br><span>Heavy vehicles: 5.4%</span></div>"
nzta_tms_site_01c20554,point,01C20554,702,03 - Waikato,SH 1C,553,0.74,200m West of Cobham Drive intersection,Dec,Non-Continuous,Regional Non-Continuous,Single Loop,28,,14320,16187,17319,16855,20840,20840,5,45.5,-37.8056324,175.2872667,534,20840,20840,#fe9d6ccc,#fe9d6cff,20,"<div><strong>200m West of Cobham Drive intersection</strong><br><span>Site ref: 01C20554</span><br><span>Region: 03 - Waikato</span><br><span>State highway: SH 1C</span><br><span>Site type: Regional Non-Continuous</span><br><span>Latest AADT: 20,840</span><br><span>Heavy vehicles: Not available</span></div>"
nzta_tms_site_01c00553,point,01C00553,687,03 - Waikato,SH 1C,553,0.218,200m east of Lorne Ohaupo intersection (SH1\3 Int),Both,Non-Continuous,Regional Non-Continuous,Single Loop,28,5.4,17743,15332,15261,14523,17897,17897,6,0.9,-37.8076198,175.2826851,522,17897,17897,#fc9469cc,#fc9469ff,20,"<div><strong>200m east of Lorne Ohaupo intersection (SH1\3 Int)</strong><br><span>Site ref: 01C00553</span><br><span>Region: 03 - Waikato</span><br><span>State highway: SH 1C</span><br><span>Site type: Regional Non-Continuous</span><br><span>Latest AADT: 17,897</span><br><span>Heavy vehicles: 5.4%</span></div>"
nzta_tms_site_01c20548,point,01C20548,699,03 - Waikato,SH 1C,540,6.78,340m South Forman Rd,Dec,Non-Continuous,Regional Non-Continuous,Dual Loop,28,5.4,18121,19060,18403,19526,16933,16933,7,-6.6,-37.7648618,175.2356527,518,16933,16933,#fc9068cc,#fc9068ff,20,"<div><strong>340m South Forman Rd</strong><br><span>Site ref: 01C20548</span><br><span>Region: 03 - Waikato</span><br><span>State highway: SH 1C</span><br><span>Site type: Regional Non-Continuous</span><br><span>Latest AADT: 16,933</span><br><span>Heavy vehicles: 5.4%</span></div>"
nzta_tms_site_01n20549,point,01N20549,753,03 - Waikato,SH 1N,546,2.75,WexHam - Ruakura (NB),Dec,Non-Continuous,Regional Non-Continuous,Dual Loop,28,0.0,,,,14909,14711,14711,8,,-37.765962,175.3258002,508,14711,14711,#fb8865cc,#fb8865ff,20,"<div><strong>WexHam - Ruakura (NB)</strong><br><span>Site ref: 01N20549</span><br><span>Region: 03 - Waikato</span><br><span>State highway: SH 1N</span><br><span>Site type: Regional Non-Continuous</span><br><span>Latest AADT: 14,711</span><br><span>Heavy vehicles: 0.0%</span></div>"
nzta_tms_site_02300000,point,02300000,775,03 - Waikato,SH 23,0,0.25,20m West of Hawk St,Both,Non-Continuous,Regional Non-Continuous,Single Loop,21,5.4,11976,13413,14399,14028,14432,14432,9,20.5,-37.7901854,175.2572395,506,14432,14432,#fa8664cc,#fa8664ff,20,"<div><strong>20m West of Hawk St</strong><br><span>Site ref: 02300000</span><br><span>Region: 03 - Waikato</span><br><span>State highway: SH 23</span><br><span>Site type: Regional Non-Continuous</span><br><span>Latest AADT: 14,432</span><br><span>Heavy vehicles: 5.4%</span></div>"
nzta_tms_site_01n10549,point,01N10549,740,03 - Waikato,SH 1N,546,2.75,WexHam - Ruakura (SB),Inc,Non-Continuous,Regional Non-Continuous,Dual Loop,28,0.0,,,,14574,14397,14397,10,,-37.765962,175.3258002,506,14397,14397,#fa8664cc,#fa8664ff,20,"<div><strong>WexHam - Ruakura (SB)</strong><br><span>Site ref: 01N10549</span><br><span>Region: 03 - Waikato</span><br><span>State highway: SH 1N</span><br><span>Site type: Regional Non-Continuous</span><br><span>Latest AADT: 14,397</span><br><span>Heavy vehicles: 0.0%</span></div>"
nzta_tms_site_01c20551,point,01C20551,701,03 - Waikato,SH 1C,552,0.25,Sth of Massey St - Dec,Dec,Non-Continuous,Regional Non-Continuous,Single Loop,21,8.1,,,14020,11896,13699,13699,11,,-37.7972528,175.2607512,502,13699,13699,#fa8363cc,#fa8363ff,20,"<div><strong>Sth of Massey St - Dec</strong><br><span>Site ref: 01C20551</span><br><span>Region: 03 - Waikato</span><br><span>State highway: SH 1C</span><br><span>Site type: Regional Non-Continuous</span><br><span>Latest AADT: 13,699</span><br><span>Heavy vehicles: 8.1%</span></div>"
nzta_tms_site_00300003,point,00300003,835,03 - Waikato,SH 3,0,3.02,285m Sth of Dixons Rd,Both,Non-Continuous,Regional Non-Continuous,Single Loop,28,5.4,15300,14386,16260,14499,13554,13554,12,-11.4,-37.8283975,175.2970707,502,13554,13554,#fa8363cc,#fa8363ff,20,"<div><strong>285m Sth of Dixons Rd</strong><br><span>Site ref: 00300003</span><br><span>Region: 03 - Waikato</span><br><span>State highway: SH 3</span><br><span>Site type: Regional Non-Continuous</span><br><span>Latest AADT: 13,554</span><br><span>Heavy vehicles: 5.4%</span></div>"
nzta_tms_site_01n20552,point,01N20552,754,03 - Waikato,SH 1N,546,6.02,WexHam - Newstead NB (Mangaonua Bridge) (NB),Dec,Non-Continuous,Regional Non-Continuous,Dual Loop,21,0.0,,,,13623,13432,13432,13,,-37.7923577,175.3432521,501,13432,13432,#fa8263cc,#fa8263ff,20,"<div><strong>WexHam - Newstead NB (Mangaonua Bridge) (NB)</strong><br><span>Site ref: 01N20552</span><br><span>Region: 03 - Waikato</span><br><span>State highway: SH 1N</span><br><span>Site type: Regional Non-Continuous</span><br><span>Latest AADT: 13,432</span><br><span>Heavy vehicles: 0.0%</span></div>"
nzta_tms_site_02300004,point,02300004,776,03 - Waikato,SH 23,0,2.49,40m East of Newcastle Rd,Both,Non-Continuous,Regional Non-Continuous,Single Loop,28,5.4,12334,11785,12534,12690,13275,13275,14,7.6,-37.7972834,175.2343753,500,13275,13275,#fa8162cc,#fa8162ff,20,"<div><strong>40m East of Newcastle Rd</strong><br><span>Site ref: 02300004</span><br><span>Region: 03 - Waikato</span><br><span>State highway: SH 23</span><br><span>Site type: Regional Non-Continuous</span><br><span>Latest AADT: 13,275</span><br><span>Heavy vehicles: 5.4%</span></div>"
nzta_tms_site_01c10551,point,01C10551,692,03 - Waikato,SH 1C,552,0.25,Sth of Massey St - Inc,Inc,Non-Continuous,Regional Non-Continuous,Single Loop,21,5.4,14109,14837,13202,17545,13033,13033,15,-7.6,-37.7972528,175.2607512,499,13033,13033,#f98062cc,#f98062ff,20,"<div><strong>Sth of Massey St - Inc</strong><br><span>Site ref: 01C10551</span><br><span>Region: 03 - Waikato</span><br><span>State highway: SH 1C</span><br><span>Site type: Regional Non-Continuous</span><br><span>Latest AADT: 13,033</span><br><span>Heavy vehicles: 5.4%</span></div>"
nzta_tms_site_01c20558,point,01C20558,705,03 - Waikato,SH 1C,556,0.5,105m Nth of Riverlea Rd,Dec,Non-Continuous,Regional Non-Continuous,Single Loop,21,5.4,15743,16713,15577,11261,11908,11908,16,-24.4,-37.8046138,175.3258377,492,11908,11908,#f97b60cc,#f97b60ff,20,"<div><strong>105m Nth of Riverlea Rd</strong><br><span>Site ref: 01C20558</span><br><span>Region: 03 - Waikato</span><br><span>State highway: SH 1C</span><br><span>Site type: Regional Non-Continuous</span><br><span>Latest AADT: 11,908</span><br><span>Heavy vehicles: 5.4%</span></div>"
nzta_tms_site_01c10550,point,01C10550,691,03 - Waikato,SH 1C,540,9.965,55m Sth of Edgar St - Inc,Inc,Non-Continuous,Regional Non-Continuous,Single Loop,14,5.4,12291,12544,11855,11371,11772,11772,17,-4.2,-37.7869811,175.2570109,491,11772,11772,#f87a60cc,#f87a60ff,20,"<div><strong>55m Sth of Edgar St - Inc</strong><br><span>Site ref: 01C10550</span><br><span>Region: 03 - Waikato</span><br><span>State highway: SH 1C</span><br><span>Site type: Regional Non-Continuous</span><br><span>Latest AADT: 11,772</span><br><span>Heavy vehicles: 5.4%</span></div>"
nzta_tms_site_01c40540,point,01C40540,708,03 - Waikato,SH 1C,540,0.1,GILCHRIST NORTHBOUND OFF RAMP,Ramp,Virtual,Virtual,Virtual,,2.1,10975,12187,11946,13138,11104,11104,18,1.2,-37.7568493,175.2302528,487,11104,11104,#f8765ecc,#f8765eff,20,"<div><strong>GILCHRIST NORTHBOUND OFF RAMP</strong><br><span>Site ref: 01C40540</span><br><span>Region: 03 - Waikato</span><br><span>State highway: SH 1C</span><br><span>Site type: Virtual</span><br><span>Latest AADT: 11,104</span><br><span>Heavy vehicles: 2.1%</span></div>"
nzta_tms_site_01n10541,point,01N10541,739,03 - Waikato,SH 1N,528,12.86,WexHam - Rototuna (SB),Inc,Non-Continuous,Regional Non-Continuous,Dual Loop,28,0.0,,,,9938,10281,10281,19,,-37.7150708,175.2665662,481,10281,10281,#f7725dcc,#f7725dff,20,"<div><strong>WexHam - Rototuna (SB)</strong><br><span>Site ref: 01N10541</span><br><span>Region: 03 - Waikato</span><br><span>State highway: SH 1N</span><br><span>Site type: Regional Non-Continuous</span><br><span>Latest AADT: 10,281</span><br><span>Heavy vehicles: 0.0%</span></div>"
nzta_tms_site_01c10544,point,01C10544,689,03 - Waikato,SH 1C,540,3.167,820m south of Koura Dr over bridge-Inc,Inc,Non-Continuous,Regional Non-Continuous,Tube,14,7.2,,5657,9142,6751,6346,6346,20,,-37.7397615,175.212635,445,6346,6346,#e85963cc,#e85963ff,20,"<div><strong>820m south of Koura Dr over bridge-Inc</strong><br><span>Site ref: 01C10544</span><br><span>Region: 03 - Waikato</span><br><span>State highway: SH 1C</span><br><span>Site type: Regional Non-Continuous</span><br><span>Latest AADT: 6,346</span><br><span>Heavy vehicles: 7.2%</span></div>"
nzta_tms_site_01c20544,point,01C20544,698,03 - Waikato,SH 1C,540,3.146,820m south of Kopra Dr over bridge-Dec,Dec,Non-Continuous,Regional Non-Continuous,Tube,21,11.5,7146,6873,6457,6388,5829,5829,21,-18.4,-37.7397381,175.2124526,439,5829,5829,#e55564cc,#e55564ff,20,"<div><strong>820m south of Kopra Dr over bridge-Dec</strong><br><span>Site ref: 01C20544</span><br><span>Region: 03 - Waikato</span><br><span>State highway: SH 1C</span><br><span>Site type: Regional Non-Continuous</span><br><span>Latest AADT: 5,829</span><br><span>Heavy vehicles: 11.5%</span></div>"
nzta_tms_site_00300000,point,00300000,834,03 - Waikato,SH 3,0,0.1,Start of SH3 - Virtual,Both,Virtual,Virtual,Virtual,,,,,,30996,,,,,-37.8090235,175.2806177,0,,,#000004cc,#000004ff,20,<div><strong>Start of SH3 - Virtual</strong><br><span>Site ref: 00300000</span><br><span>Region: 03 - Waikato</span><br><span>State highway: SH 3</span><br><span>Site type: Virtual</span><br><span>Latest AADT: Not available</span><br><span>Heavy vehicles: Not available</span></div>
nzta_tms_site_00310001,point,00310001,848,03 - Waikato,SH 3,0,0.65,Collins Rd Int (Inc Lanes),Inc,Non-Continuous,Regional Non-Continuous,SCATS,,,,,,15498,,,,,-37.8136341,175.2830296,0,,,#000004cc,#000004ff,20,<div><strong>Collins Rd Int (Inc Lanes)</strong><br><span>Site ref: 00310001</span><br><span>Region: 03 - Waikato</span><br><span>State highway: SH 3</span><br><span>Site type: Regional Non-Continuous</span><br><span>Latest AADT: Not available</span><br><span>Heavy vehicles: Not available</span></div>
nzta_tms_site_00320001,point,00320001,851,03 - Waikato,SH 3,0,0.65,Collins Rd Int (Dec Lanes),Dec,Non-Continuous,Regional Non-Continuous,SCATS,,,,,,15498,,,,,-37.8136341,175.2830296,0,,,#000004cc,#000004ff,20,<div><strong>Collins Rd Int (Dec Lanes)</strong><br><span>Site ref: 00320001</span><br><span>Region: 03 - Waikato</span><br><span>State highway: SH 3</span><br><span>Site type: Regional Non-Continuous</span><br><span>Latest AADT: Not available</span><br><span>Heavy vehicles: Not available</span></div>
nzta_tms_site_01c00550,point,01C00550,684,03 - Waikato,SH 1C,540,9.95,Sth of Edgar St,Both,Virtual,Virtual,Virtual,,,24221,25049,23785,46525,,,,,-37.7872359,175.2573372,0,,,#000004cc,#000004ff,20,<div><strong>Sth of Edgar St</strong><br><span>Site ref: 01C00550</span><br><span>Region: 03 - Waikato</span><br><span>State highway: SH 1C</span><br><span>Site type: Virtual</span><br><span>Latest AADT: Not available</span><br><span>Heavy vehicles: Not available</span></div>
nzta_tms_site_01c00551,point,01C00551,685,03 - Waikato,SH 1C,552,0.25,Sth of Massey St,Both,Virtual,Virtual,Virtual,,,24221,25049,23785,46525,,,,,-37.7972528,175.2607512,0,,,#000004cc,#000004ff,20,<div><strong>Sth of Massey St</strong><br><span>Site ref: 01C00551</span><br><span>Region: 03 - Waikato</span><br><span>State highway: SH 1C</span><br><span>Site type: Virtual</span><br><span>Latest AADT: Not available</span><br><span>Heavy vehicles: Not available</span></div>
nzta_tms_site_01c10548,point,01C10548,690,03 - Waikato,SH 1C,540,6.78,340m South Forman Rd,Inc,Non-Continuous,Regional Non-Continuous,Dual Loop,,,19098,19897,17213,13987,,,,,-37.7647962,175.2357755,0,,,#000004cc,#000004ff,20,<div><strong>340m South Forman Rd</strong><br><span>Site ref: 01C10548</span><br><span>Region: 03 - Waikato</span><br><span>State highway: SH 1C</span><br><span>Site type: Regional Non-Continuous</span><br><span>Latest AADT: Not available</span><br><span>Heavy vehicles: Not available</span></div>
nzta_tms_site_01c10554,point,01C10554,693,03 - Waikato,SH 1C,553,0.79,150m West of Cobham Drive intersection,Inc,Non-Continuous,Regional Non-Continuous,Single Loop,,,15090,14984,15090,15376,,,,,-37.805239,175.2875492,0,,,#000004cc,#000004ff,20,<div><strong>150m West of Cobham Drive intersection</strong><br><span>Site ref: 01C10554</span><br><span>Region: 03 - Waikato</span><br><span>State highway: SH 1C</span><br><span>Site type: Regional Non-Continuous</span><br><span>Latest AADT: Not available</span><br><span>Heavy vehicles: Not available</span></div>
nzta_tms_site_01c10556,point,01C10556,694,03 - Waikato,SH 1C,554,2.76,150m West of Johnsview Tce,Inc,Non-Continuous,Regional Non-Continuous,Single Loop,,,,,,15463,,,,,-37.8021518,175.3164173,0,,,#000004cc,#000004ff,20,<div><strong>150m West of Johnsview Tce</strong><br><span>Site ref: 01C10556</span><br><span>Region: 03 - Waikato</span><br><span>State highway: SH 1C</span><br><span>Site type: Regional Non-Continuous</span><br><span>Latest AADT: Not available</span><br><span>Heavy vehicles: Not available</span></div>
nzta_tms_site_01c10557,point,01C10557,695,03 - Waikato,SH 1C,554,3.13,75m East of Cambridge Rd RAB,Inc,Non-Continuous,Regional Non-Continuous,Single Loop,,,19273,20624,19273,20143,,,,,-37.8007683,175.3200749,0,,,#000004cc,#000004ff,20,<div><strong>75m East of Cambridge Rd RAB</strong><br><span>Site ref: 01C10557</span><br><span>Region: 03 - Waikato</span><br><span>State highway: SH 1C</span><br><span>Site type: Regional Non-Continuous</span><br><span>Latest AADT: Not available</span><br><span>Heavy vehicles: Not available</span></div>
nzta_tms_site_01c10558,point,01C10558,696,03 - Waikato,SH 1C,556,0.5,135m Nth of Riverlea Rd,Inc,Non-Continuous,Regional Non-Continuous,Single Loop,,,15556,16669,9849,14599,,,,,-37.8046138,175.3258377,0,,,#000004cc,#000004ff,20,<div><strong>135m Nth of Riverlea Rd</strong><br><span>Site ref: 01C10558</span><br><span>Region: 03 - Waikato</span><br><span>State highway: SH 1C</span><br><span>Site type: Regional Non-Continuous</span><br><span>Latest AADT: Not available</span><br><span>Heavy vehicles: Not available</span></div>
nzta_tms_site_01c20550,point,01C20550,700,03 - Waikato,SH 1C,540,9.93,20m Sth of Edgar St - Dec,Dec,Non-Continuous,Regional Non-Continuous,Single Loop,,,11930,12505,11930,35154,,,,,-37.7872973,175.2574186,0,,,#000004cc,#000004ff,20,<div><strong>20m Sth of Edgar St - Dec</strong><br><span>Site ref: 01C20550</span><br><span>Region: 03 - Waikato</span><br><span>State highway: SH 1C</span><br><span>Site type: Regional Non-Continuous</span><br><span>Latest AADT: Not available</span><br><span>Heavy vehicles: Not available</span></div>
nzta_tms_site_01c20556,point,01C20556,703,03 - Waikato,SH 1C,554,2.81,100m West of Johnsview Tce,Dec,Non-Continuous,Regional Non-Continuous,Single Loop,,,13602,14244,,16411,,,,,-37.8019251,175.3169096,0,,,#000004cc,#000004ff,20,<div><strong>100m West of Johnsview Tce</strong><br><span>Site ref: 01C20556</span><br><span>Region: 03 - Waikato</span><br><span>State highway: SH 1C</span><br><span>Site type: Regional Non-Continuous</span><br><span>Latest AADT: Not available</span><br><span>Heavy vehicles: Not available</span></div>
nzta_tms_site_01c20557,point,01C20557,704,03 - Waikato,SH 1C,554,3.12,70m East of Cambridge Rd RAB,Dec,Non-Continuous,Regional Non-Continuous,Single Loop,,,20208,20670,18618,18899,,,,,-37.8007616,175.319961,0,,,#000004cc,#000004ff,20,<div><strong>70m East of Cambridge Rd RAB</strong><br><span>Site ref: 01C20557</span><br><span>Region: 03 - Waikato</span><br><span>State highway: SH 1C</span><br><span>Site type: Regional Non-Continuous</span><br><span>Latest AADT: Not available</span><br><span>Heavy vehicles: Not available</span></div>
nzta_tms_site_01c30540,point,01C30540,707,03 - Waikato,SH 1C,540,0.1,GILCHRIST SOUTHBOUND ON RAMP,Ramp,Virtual,Virtual,Virtual,,,,14240,8071,7236,,,,,-37.755937,175.2303485,0,,,#000004cc,#000004ff,20,<div><strong>GILCHRIST SOUTHBOUND ON RAMP</strong><br><span>Site ref: 01C30540</span><br><span>Region: 03 - Waikato</span><br><span>State highway: SH 1C</span><br><span>Site type: Virtual</span><br><span>Latest AADT: Not available</span><br><span>Heavy vehicles: Not available</span></div>
nzta_tms_site_01n20541,point,01N20541,752,03 - Waikato,SH 1N,528,12.86,WexHam - Rototuna (NB),Dec,Non-Continuous,Regional Non-Continuous,Dual Loop,,,,,,15206,,,,,-37.7150708,175.2665662,0,,,#000004cc,#000004ff,20,<div><strong>WexHam - Rototuna (NB)</strong><br><span>Site ref: 01N20541</span><br><span>Region: 03 - Waikato</span><br><span>State highway: SH 1N</span><br><span>Site type: Regional Non-Continuous</span><br><span>Latest AADT: Not available</span><br><span>Heavy vehicles: Not available</span></div>
nzta_tms_site_02600000,point,02600000,802,03 - Waikato,SH 26,0,0.26,50m East of Mullane St,Both,Non-Continuous,Regional Non-Continuous,Single Loop,,,11743,12586,13870,15113,,,,,-37.8000452,175.3253334,0,,,#000004cc,#000004ff,20,<div><strong>50m East of Mullane St</strong><br><span>Site ref: 02600000</span><br><span>Region: 03 - Waikato</span><br><span>State highway: SH 26</span><br><span>Site type: Regional Non-Continuous</span><br><span>Latest AADT: Not available</span><br><span>Heavy vehicles: Not available</span></div>
nzta_tms_site_02610000,point,02610000,814,03 - Waikato,SH 26,0,0.26,50m East of Mullane St (Inc Lane),Inc,Non-Continuous,Regional Non-Continuous,Single Loop,,,6454,6805,6896,8308,,,,,-37.8000452,175.3253334,0,,,#000004cc,#000004ff,20,<div><strong>50m East of Mullane St (Inc Lane)</strong><br><span>Site ref: 02610000</span><br><span>Region: 03 - Waikato</span><br><span>State highway: SH 26</span><br><span>Site type: Regional Non-Continuous</span><br><span>Latest AADT: Not available</span><br><span>Heavy vehicles: Not available</span></div>
nzta_tms_site_02620000,point,02620000,815,03 - Waikato,SH 26,0,0.26,50m East of Mullane St (Dec Lane),Dec,Non-Continuous,Regional Non-Continuous,Single Loop,,,6342,6616,6973,6804,,,,,-37.8000452,175.3253334,0,,,#000004cc,#000004ff,20,<div><strong>50m East of Mullane St (Dec Lane)</strong><br><span>Site ref: 02620000</span><br><span>Region: 03 - Waikato</span><br><span>State highway: SH 26</span><br><span>Site type: Regional Non-Continuous</span><br><span>Latest AADT: Not available</span><br><span>Heavy vehicles: Not available</span></div>
